[
{
  "model": "contenttypes.contenttype",
  "fields": {
    "app_label": "admin",
    "model": "logentry"
  }
},
{
  "model": "contenttypes.contenttype",
  "fields": {
    "app_label": "auth",
    "model": "permission"
  }
},
{
  "model": "contenttypes.contenttype",
  "fields": {
    "app_label": "auth",
    "model": "group"
  }
},
{
  "model": "contenttypes.contenttype",
  "fields": {
    "app_label": "auth",
    "model": "user"
  }
},
{
  "model": "contenttypes.contenttype",
  "fields": {
    "app_label": "contenttypes",
    "model": "contenttype"
  }
},
{
  "model": "contenttypes.contenttype",
  "fields": {
    "app_label": "sessions",
    "model": "session"
  }
},
{
  "model": "contenttypes.contenttype",
  "fields": {
    "app_label": "sites",
    "model": "site"
  }
},
{
  "model": "contenttypes.contenttype",
  "fields": {
    "app_label": "account",
    "model": "emailaddress"
  }
},
{
  "model": "contenttypes.contenttype",
  "fields": {
    "app_label": "account",
    "model": "emailconfirmation"
  }
},
{
  "model": "contenttypes.contenttype",
  "fields": {
    "app_label": "socialaccount",
    "model": "socialaccount"
  }
},
{
  "model": "contenttypes.contenttype",
  "fields": {
    "app_label": "socialaccount",
    "model": "socialapp"
  }
},
{
  "model": "contenttypes.contenttype",
  "fields": {
    "app_label": "socialaccount",
    "model": "socialtoken"
  }
},
{
  "model": "contenttypes.contenttype",
  "fields": {
    "app_label": "products",
    "model": "category"
  }
},
{
  "model": "contenttypes.contenttype",
  "fields": {
    "app_label": "products",
    "model": "product"
  }
},
{
  "model": "contenttypes.contenttype",
  "fields": {
    "app_label": "checkout",
    "model": "order"
  }
},
{
  "model": "contenttypes.contenttype",
  "fields": {
    "app_label": "checkout",
    "model": "orderlineitem"
  }
},
{
  "model": "contenttypes.contenttype",
  "fields": {
    "app_label": "profiles",
    "model": "userprofile"
  }
},
{
  "model": "contenttypes.contenttype",
  "fields": {
    "app_label": "wishlist",
    "model": "wishlistitem"
  }
},
{
  "model": "contenttypes.contenttype",
  "fields": {
    "app_label": "wishlist",
    "model": "wishlist"
  }
},
{
  "model": "contenttypes.contenttype",
  "fields": {
    "app_label": "products",
    "model": "productreview"
  }
},
{
  "model": "sessions.session",
  "pk": "127v0hdw8ucvy8n4ltvy29zwhlmg8voi",
  "fields": {
    "session_data": ".eJx1j0EOgjAURO_y14S0tNLC0r1naH7pr1QFDIVEJNxdmrDQhZtZzJuZZFYwOE-tmSONJjiogUP27Vls7tQn4G7YX4e8GfppDDZPkfygMb8Mjh7nI_sz0GJs9zZxb73GolLsJIR3wpWSlFXo0WldSYFKilJ6pIpRWWgsrVICkSFyprVPo5FiDENv6PUM4wI1y6DBcYJ6BS6Thom6aOxiYnhTMjqo-bZl-6n_dNs-EL1Wgg:1uGzgU:TRBrjuwYV4z4elWahnp_aEWbHf8HIGnRr1UT3N5uuv0",
    "expire_date": "2025-06-02T12:33:34.452Z"
  }
},
{
  "model": "sessions.session",
  "pk": "1qhrdw8lbgxu2bwbu5sxhzm5ko1o61b4",
  "fields": {
    "session_data": ".eJxVjMsOwiAUBf_lrhtyKaUIS_d-A-FpUQMG2kTT9N-1SRe6PTNnVtBmmSe9tFB18qCA9tD9jta4e8g78TeTr4W4kueaLNkVctBGLsWHx_lw_wKTadP3zT2iF1ZSLsV4cih5xD5YyjgKJkcuXBz6QAU3ZjhFM1hn0UbPHFKKDOMebaG1VLIOr2eqb1DYgTN1BrUC5aDotn0Al-lDLA:1sL7iu:mXgxPDp9xpWCNtRvfePbtSf66z0uqMJvHEWHPCOOevI",
    "expire_date": "2024-07-06T20:52:36.881Z"
  }
},
{
  "model": "sessions.session",
  "pk": "1wb8a225z9dw96n6zfzr6w61sufrzpbv",
  "fields": {
    "session_data": ".eJxVjMsOgjAQRf9l1oT0QdMOS_d-QzNtR6kaMC0kGsK_KwkL3d5z7lnB0zIPfqlcfE7Qg4TmdwsU7zzuIN1ovE5tnMa55NDuSnvQ2p6nxI_T4f4FBqrD960MMwUpyBotGKkjQraadECpsHMoLJK-JEwyWIUucKeVVYqNIccY92jlWvM0en49c3lDLxqIVGboV3DQy237AFMYQxs:1sKlZL:3oN3ke0yhBJ4EjGyFXXCNSeJ41gnKRppUXiJ7BAkoQ8",
    "expire_date": "2024-07-05T21:13:15.777Z"
  }
},
{
  "model": "sessions.session",
  "pk": "2jis4z1mkbu50uoq68tkjo2p84ac6v3j",
  "fields": {
    "session_data": "eyJhY2NvdW50X3ZlcmlmaWVkX2VtYWlsIjpudWxsLCJhY2NvdW50X3VzZXIiOiI4In0:1sJuGi:xkNc8khlIhfDc41bwcq-tQIp6BKIEvSzouPW46LN548",
    "expire_date": "2024-07-03T12:18:28.594Z"
  }
},
{
  "model": "sessions.session",
  "pk": "2u445ayb27e8exqyza8ruj22j42i6rha",
  "fields": {
    "session_data": ".eJxljUEOwiAQRe_CumkQWpDu9CJkgGlKRGoKGI3x7pamMTEu570__78IWDuXmPUdFz96dBqv4AMZYgmh-dqScCEDYaQhGkqeNqC9-2cG7AVjFRBCxe3e0W6ZXaf2tF4Ys7eQ_RzP-9dP1QRpqgNqtFKhkhIcQ2p7c5RKwcFQitgrbpTkwgDvYLQd552iQgh0UjhqHGN9LU2Y0jqj8XHzy5MM9P0BXiBU9w:1sGoof:szu1EEa2xp_imTJ-WPddhKLnZgkBxqvb7nN8ejKNKEE",
    "expire_date": "2024-06-24T23:52:45.790Z"
  }
},
{
  "model": "sessions.session",
  "pk": "31j71dxy6zdghkigfnv36xrutz8p3alp",
  "fields": {
    "session_data": "e30:1sGo3I:s4Ija8VypC71SEfXx4wY9bl9jwOc3BUAub6L8IanvaQ",
    "expire_date": "2024-06-24T23:03:48.129Z"
  }
},
{
  "model": "sessions.session",
  "pk": "6vtq09dmcijkh7r1qyrduwp36wm6elfi",
  "fields": {
    "session_data": ".eJxVjMEOgjAQRP-lZ9OUFgrl6N1vaHbZrVRNSygkGuO_CwkHvb3Mm5m38LAuo18Lzz6S6EUlTr8ZwnDntAu6QbpmOeS0zBHlXpGHLfKSiR_no_t3MEIZt7UxNYKmxjIGSyEodLXbUHeGdY1O4YYqGO4caW0tALZtC44MVo1SzX5auJSYk-fnFOeX6NXnC5jTPxA:1sIbwa:rqfNdKv5DqzHEDWHVLmuj96PplwlHXMURRpPuHkO17c",
    "expire_date": "2024-06-29T22:32:20.349Z"
  }
},
{
  "model": "sessions.session",
  "pk": "9jm2qo5sssqn6e4lfvaofoqgddgmu2pa",
  "fields": {
    "session_data": ".eJxVjEEOgjAQRe_StWk64tDC0j1naKadqaCmTSi4Md5dSFjo9r_331t5WpfRr1VmP7HqFYA6_Y6B4kPyTvhO-VZ0LHmZp6B3RR-06qGwPK-H-xcYqY7bG7uQIpwtWLRAGEE4tYElAtiU0IER40xDDTK76NBh15pWjIUEDuxli1Z6iZ9yKqpf5lU-X-fmPZ0:1sNjM4:zu_TzNG_oKnHlfpRycPkSANfniVqDSE9qmnzGhuyCSc",
    "expire_date": "2024-07-14T01:27:48.093Z"
  }
},
{
  "model": "sessions.session",
  "pk": "ba5bwbd954ltou1enonfe3sgm85rvn5y",
  "fields": {
    "session_data": ".eJx9jsEKgzAQRP8lZwkx0Wg89t5vCLsmqWmrgtFDK_57o0jBQr0Ms_tmlp1JDcNIqpmkq_jRthpfOvi3XeeWVHxZEpLyP1RsNDuj32r4oenWzaNJSLmpOInGrIZpbPQU7KC9IVV8-bBDqB-2W4G5Q3frad134-CRrhG600CvvbHPy549HGggNLEtRIbATS4tOmmcY6gyFS0vheUZKobRMidsqQznUgJgURSgjMA0ZywnywdIVW2j:1sEpa0:9T_xDY-tcrM0BlQb_hv6y4UxbH3BBXT00s7Lvh5U6gw",
    "expire_date": "2024-06-19T12:17:24.450Z"
  }
},
{
  "model": "sessions.session",
  "pk": "bg9vvk9jugy9cstd5q3863lxc9fm5fs0",
  "fields": {
    "session_data": ".eJxljEEOwiAURO_CumkghVK6dO8ZyC8fLIpgoBiN8e62xpgYd5N5b-ZBwJhU46KvNnvnLWp7Bh_IGGsIzZfWYjMZCScN0VCX-V1oj__dBOZk4wbwCPGQWpPikv3Ubkr7oaXdJ7Rh93F_DmYo87oGiVRyzgQIJwRDyZzBQQknHXYGpUEuUCnoOwbIHR16lBJUt0buJka302JL8Slqe7v4fCcjfb4AjPFQ4w:1sHika:wN6jUkcVkzYKDyhvVGmzD3kX4QIsny_qwU890WErt1c",
    "expire_date": "2024-06-27T11:36:16.741Z"
  }
},
{
  "model": "sessions.session",
  "pk": "brrgitfohoioscj4eij3cuy4qpiocryf",
  "fields": {
    "session_data": ".eJxVjUsOwiAQhu_C2jQILTjd2YuQYZimxIaaQhON8e4W04Uu_-f3Eg63Mrkt8-piEL1Q4vTreaQbpxrgPFe7QaJlS6X5do44N9ddcSqRsMQlDcfq72rCPFUAjGSBwVoMiiV1_mIB8OylZO5Ae7DaeNQtjtRq3YI0xnCwJkgflOrqaeacd4zjxz2uT9HL9we7f0Nm:1sISFp:ry_kRWLmUdeEpryiRnPKnu9mmpIrTKCC_JgltY-m7Ok",
    "expire_date": "2024-06-29T12:11:33.698Z"
  }
},
{
  "model": "sessions.session",
  "pk": "e8qivrq3g19io1fsok9lge3135ly47kk",
  "fields": {
    "session_data": ".eJx9zMsOgjAQBdB_mTUhM0CpZeneb2j6mEp9gKGYqIR_1yYudKGbWdxz5y6gzXXu9TXxpKOHDqiC4jO0xh15yOIPZtiPpRuHeYq2zJXyrancjZ5P23f3a6A3qX99C4_opVUklGw3DpUIWLGlWqCsVSukC03FJIUxzSaYxjqLNvjaIRHWGPJo4pTiOGi-XeJ0hw4LcGaaoVuAmnzjzOek7V2n-OAcnKGr1rUA9UspK_3RdX0CXoNfuQ:1sKSRe:ET2KYg7FGAR29VDzmO0llOn8fg-NkuzSvo6k4GmGZBg",
    "expire_date": "2024-07-05T00:48:02.408Z"
  }
},
{
  "model": "sessions.session",
  "pk": "f7b19au0akdxhkufvcke42wrt0fxmort",
  "fields": {
    "session_data": "eyJjYXJ0Ijp7IjIiOnsiaXRlbXNfYnlfc2l6ZSI6eyJtIjoxfX19fQ:1uHPYk:i9wnwuD7tI8lJocaQ8gKe8t2RcoGRgmLnTc123TRBvg",
    "expire_date": "2025-06-03T16:11:18.279Z"
  }
},
{
  "model": "sessions.session",
  "pk": "fa6c9m3sogxszkkx2fo67sn2pvjnn9fw",
  "fields": {
    "session_data": ".eJxVjMsOwiAQRf-FtSHQJ3Tp3m8gwwxjUQMG2kRj_Hdt0oVu7zn3vISDdZndWkNxkcQkdCMOv6MHvIa0EbpAOmeJOS0lerkpcqdVnjKF23F3_wIz1Pn7ZrB-AEaAATyFHoEaVN1obKtZEY8-kLHeaMvM2HYd9B5Bt2ogg0rzFq2h1piTC497LE8xqfcHK9NBFw:1sKH8q:I2D90N2ORLLFWqfATR8P6Ftl6e_EgAB16hJC5v_8paQ",
    "expire_date": "2024-07-04T12:43:52.399Z"
  }
},
{
  "model": "sessions.session",
  "pk": "gph95j7m3jkm8h6u83djtmo15si6h52g",
  "fields": {
    "session_data": ".eJxVjDsOgzAQRO-ydYR2AWOgTJ8zWP6sg5MAEQYpBHH3xBINzRTvzcwGVk8ztBsQpQwz91GZVcXw5QR6aGnf9wsovcydWiJPKjhogXI4QaPtk4dk3EMP9zGz4zBPwWSpkh02ZrfR8et6dE8HnY7dfy0copOmIdHIqrbYCI85GyoEyqKphLS-zJmk0LqsvS6NNWi8KywSYYE-nUaOMYyD4s87TCu0uP8Ad8BL9w:1sLmx5:wj6r85JtCp3fu3CmBjsTCX0SkqPYF1vicoaiJtH1RW8",
    "expire_date": "2024-07-08T16:53:59.557Z"
  }
},
{
  "model": "sessions.session",
  "pk": "hoy1rn5yz4ua2ur387s8plbg8ht4l1wm",
  "fields": {
    "session_data": ".eJx1jbFuwzAMRP-Fs2GQthXF2pofESiagoUmTmHJQNPA_16ryNAO5UCAd8d3T_C8ldlvWVefJnBAHTS_xcDyrkt1-Hqtcssi920p7U_mZef27bh0KUm4pPtyeX39Qc2c54NjJsTJhpHMaE9nwdFE7DRQb9D248lYiUOnZA3zcI48BAkY4tQLEmGPsUKz5nzUeP38SOsDHDYgvBZwT6C6UtFb9uHhc_rSKtzAdfveABlw1MDwX4j2Y74BNWBbWg:1sLSZt:Pq98GaV3YFa6zodJ5k6d850qkOu03n_vtlGEHnP_ciI",
    "expire_date": "2024-07-07T19:08:41.372Z"
  }
},
{
  "model": "sessions.session",
  "pk": "ixzsmu1niwu9656qmo1d5ceuvbmg2jbb",
  "fields": {
    "session_data": ".eJxVjUsOwiAQhu_CumkQWnC6sxchA0xTYkNNAaMx3t1iutDl__xezGDJsymJNhM8G5hgza9n0V0p1gCXpdotOreWmNtv54hTe9kVxRwc5rDG8Vj9Xc2Y5gqAyWkg0Bq9IO56e9YAeLKcE_UgLWipLMoOJ9dJ2QFXSpHXynPrhejraaKUdoyhxy1sTzbwhiW8kwlxWtmQt0LvD2fhSYo:1sHTT9:TwmKg_4Amq9zgePTCADeQ20GC6T3_VVV3A40z59UJNk",
    "expire_date": "2024-06-26T19:17:15.213Z"
  }
},
{
  "model": "sessions.session",
  "pk": "l91mc0thbccdalg8fhexnvockmu6tdat",
  "fields": {
    "session_data": ".eJx9jMsOgyAURP-FdUNQqCDL7vsN5CKXSh_QiCa1xn-vJG7cdDOLOTNnIR0MI9ELqUqEEV_Z2Nnk8MVSvIiu1vVE6j90wwamsTdTxsEER_QmO3QWugfGAtwd4i3RLsVxCJaWCd1pptfk8HnZtwdBD7nf3lh56xXUrWRnzr3jrhEorQQPTqlWcJCCN8IDtgybWkFjpeQADKBiSvkizZhzSNHg5x2GmWi2_gDR-lZP:1uH8zb:XLTuBqDzrR7j99_IZjr9Vraw5pt1YqL8Dj-2oLI6pPI",
    "expire_date": "2025-06-02T22:29:55.710Z"
  }
},
{
  "model": "sessions.session",
  "pk": "lccp3o148v8x4j0szs88yh05p6hvwkw6",
  "fields": {
    "session_data": ".eJxVTMsOgjAQ_Jc9k2YLFkuP3v2GZtsuUh9gKCQi8d-lCQedw0wyrxUszVNn58SjjQEMSCh-PUf-xn0OwpX6yyD80E9jdCJXxJ4mcR4C30979--go9Rta1ZaO4-1JD4cnaxRqhI1KazRUZZQubYhWSvUVWg9U-Vkq7QqFSM1mE8TpxSH3vLrGccFDBbgaZzArFBlihM_knWLTfHN2XiAkZ8NX_OgS7k:1uMb6Q:Ga4zMtbixqHMKf70gL0zvtsdphgF0otxCZE8LQxE6aI",
    "expire_date": "2025-06-17T23:31:30.024Z"
  }
},
{
  "model": "sessions.session",
  "pk": "lco1cxdgkauqc5e9gq09snp3831qzbd4",
  "fields": {
    "session_data": ".eJxVjMEKgzAQRP9lzyImUeLm2Hu_IWySbU1btRiFWvHf24AXLzMwb2Y28DTNYDZQWeLMfbJutSl-OQc9GLHvBejsBVha5s4uiScbAxgQcMoc-ScPGYQHDfex9OMwT9GVuVIeNJXXMfDrcnRPBx2l7r-WDTM5UZFuVMVINRGyVqQcCol1i5VGUreAQTgtsXVcK6ml5KahltHn08QpxXGw_HnHaQVT7T9Yxkz3:1sM9p5:ZJ83pWP1DiPiI79hP8GOZqNTxIuWP9EBMJSJmBe_hdY",
    "expire_date": "2024-07-09T17:19:15.724Z"
  }
},
{
  "model": "sessions.session",
  "pk": "lhpnm0vjrep4k27lx47yzuat6vzxe8s5",
  "fields": {
    "session_data": "eyJjYXJ0Ijp7IjQiOnsiaXRlbV9ieV9zaXplIjp7Im0iOjJ9fX19:1sC5ap:XonkMa8dA4qAVnIkkBp7Y4F6HauKm3dgNtc3z-E-cxA",
    "expire_date": "2024-06-11T22:46:55.185Z"
  }
},
{
  "model": "sessions.session",
  "pk": "m1f97ptdd5cgx2psza9rpd44mmzq5d7b",
  "fields": {
    "session_data": ".eJxVjkEKwjAQRe-StYRJJ2lLl-49Q5hJpjYqiTQtKOLdpdKFbv97PP5LeVqXya9VZp-iGpRRh9-NKVwlbyBeKJ-LDiUvc2K9KXqnVZ9KlNtxd_8CE9Vpy46AAKFBYx0KNYC27YgtUkfQuzG4MVpDLTKjWOxc0xMHgwxtAGu_r6rUmkr28rin-akGeH8AVUM-Qw:1uEpyC:e_P3nJWl6dmXM-ufUb6AoviTkak9EaLv5LK9mTztEJ4",
    "expire_date": "2025-05-27T13:46:56.781Z"
  }
},
{
  "model": "sessions.session",
  "pk": "nd4kg9fdpvdj61ib4vg0yqg7mj4etocx",
  "fields": {
    "session_data": ".eJxVjMsOwiAQRf-FtSFDgVK6dO83kBkeFjVgSptojP-uTbrQ7T3nnhdzuC6TW1ucXQ5sZKJjh9-R0F9j2Ui4YDlX7mtZ5kx8U_hOGz_VEG_H3f0LTNim71sHgGDICm1NP3iwOkEXSUgNRtpeG59UF4XRiGpIqMgTUArSgxAgIW3RFlvLtbj4uOf5yUZ4fwCImz7L:1sMsZL:h24qid_Dpn7gkWgKaavH5-GkP3THOmI-5o2H3OqNftM",
    "expire_date": "2024-07-11T17:05:59.655Z"
  }
},
{
  "model": "sessions.session",
  "pk": "oatidqqe1ynxn4ny7zwtkxw19cmwsh8t",
  "fields": {
    "session_data": ".eJx9jMEOgjAQRP9lz4TQlqYsR-9-Q7Olq1QFDIVEJPy7NuGgFy5zmPdmVrA0T62dI482eKhBQPbbOWru3Cfgb9Rfh7wZ-mkMLk9KvtOYnwfPj9Pu_h20FNvvWmpmcqIgo1XBSCURslGkHAqJZYWFQVIXj144I7FyXCpppGStqWJs0mnkGMPQW349w7hAXWTQ0DhBvQKmCBN30brFxvDmVHRQi23LQB9SIQ_wtn0Absxf1w:1sMFAc:WalFXVIHsdB5LDKkTHWpzcwa_ENN0HemHm-kVYzglR0",
    "expire_date": "2024-07-09T23:01:50.271Z"
  }
},
{
  "model": "sessions.session",
  "pk": "os9l60815nm504x7gfm7b4rtcam1ann8",
  "fields": {
    "session_data": ".eJxVjMEOwiAQRP-FsyFLK0h79O43kF3YWtSAgTbRGP9dSXrQ0yQzb95LOFyX2a2Vi4tBjEKJ3W9H6K-c2hAumM5Z-pyWEkk2RG5rlacc-Hbc2D_BjHX-vllbSx6MQt4fSBlQugOLGgwQtgg9TQMqo8H2YfKMPalJW91pBhygSSvXGnNy_LjH8hQjvD9x6T68:1uMPjb:_f01UMS9IfF6ommESP0lqAQ7tp4EVyZ2U2b3AjfLPxc",
    "expire_date": "2025-06-17T11:23:11.441Z"
  }
},
{
  "model": "sessions.session",
  "pk": "qekzei28d831jvijo2ud0edektletwrm",
  "fields": {
    "session_data": ".eJxVjUsOgyAQhu_CujEUFDru2ouQYRgjqaGNYNLGePdK48bl__xWQTgX0a_bRThcyuiWzLOLQfRCiZPnkZ6caoDTVO0GiV5LKs2_c8S5ue-KU4mEJb7S41idrkbMYwXAQBYYrMWgWFLnbxYAr15K5g60B6uNR93iQK3WLUhjDAdrgvRBqa6eZs55xzj-vOP8Fb3cfmW6RrI:1sGzpm:BLI9ZVKNnuV1jm1rIkkohp5EuUhoq53D6HfCQ3PFxWo",
    "expire_date": "2024-06-25T11:38:38.748Z"
  }
},
{
  "model": "sessions.session",
  "pk": "rn1h8letr4xxkgii970ywoo1szap2i3p",
  "fields": {
    "session_data": ".eJx9jMsOgjAURP_lrgm5BUqBpXu_oenjVqpCDYVEJPy7NmGhGzezmHNmNpBqmXu5RJqkt9ABKyD7LrUyNxoTsVc1XkJuwjhPXudJyQ8a83OwdD8d7s9Br2L_WXOLaIVuGW9F3RhsucOCNCs5irKtuTCuKogJrlTVOFVpo1E7WxpkDEt06TRSjD6Mkp4PP63QYQZGTTN0G1Qp_ExDlHqV0b8oFQN0bN8zYH_ovr8Bd1xVpA:1sMSLs:vUv0fu7LSG9ht5awF34Y9XwMajtgCehP5YExeLa8y90",
    "expire_date": "2024-07-10T13:06:20.954Z"
  }
},
{
  "model": "sessions.session",
  "pk": "t4d0uo3h9b67xtbtl9e8q12b80z6zomb",
  "fields": {
    "session_data": ".eJxVjDEOgzAQBP9ydWQZGwymTM8brDvuHEgiW8KQJsrfAxIN3Wpndr9Q8CNhTjFDvy6b3CDgtk5hK7KEmaGHCi4d4fiSdAB-YnpkNea0LjOpQ1EnLWrILO_76V4OJizTvra2JjTcOKHoOEZNvvZ7NJ0VU5PXtEcdrXSejXEOkdq2Rc-WqkbrBn5_RiI99w:1sFB8o:8GbZLlzAXVIOZaZubQfS8cPUwG2LG540cmNf_nRqw3U",
    "expire_date": "2024-06-20T11:18:46.744Z"
  }
},
{
  "model": "sessions.session",
  "pk": "t7cqsd31kvtthm7mjry148ffh454y84d",
  "fields": {
    "session_data": ".eJx1jb0OgzAMhN8lM0L5gxDG7n2GyCahpC0gkTC0iHdvUrEwsJzufJ_tjXSwRNJuhGXx0Y0GPyb4r8t5JK3c94IwedGygoSkmVH_xPgVuWfIwBoHswa3GG9Jm76eZgjdy025sE-YHnPZzVNcPJYZKY82lPfZuvftYE8HBghD2hZCInBb1Q772vY9RS11srwRjkvUFJOlvXCNtpzXNQAqpUBbgayitCL7D0VyWfQ:1sC5MV:R8uKkHRcdF2U0bxhDx_t2axf504Cxr3LmTaoO_L6fHc",
    "expire_date": "2024-06-11T22:32:07.318Z"
  }
},
{
  "model": "sessions.session",
  "pk": "taw330k2h1367mw6fvpnbawuo19fw33c",
  "fields": {
    "session_data": ".eJxVjMEOgjAQRP-lZ9OUFgrl6N1vaHbZrVRNSygkGuO_CwkHvb3Mm5m38LAuo18Lzz6S6EUlTr8ZwnDntAu6QbpmOeS0zBHlXpGHLfKSiR_no_t3MEIZt7UxNYKmxjIGSyEodLXbUHeGdY1O4YYqGO4caW0tALZtC44MVo1SzX5auJSYk-fnFOeX6NXnC5jTPxA:1sIlwW:--RPwJHhcQy3N-1Sl6dIN3GdSGXg9QvF18QHvObfBqA",
    "expire_date": "2024-06-30T09:12:56.325Z"
  }
},
{
  "model": "sessions.session",
  "pk": "u3fbph7uf7tthucivi78jcayrferj1xf",
  "fields": {
    "session_data": ".eJxVjU0OgyAQhe_CujEIiOKuXoTMwBBJDTaCSZumdy82Ltrd-5n3zYtZ2Mts90ybjZ6NrGWX3wzB3SgdBSzLETfg3Lqn0nxvzjo31-ooleigxDVN5-oPNUOeK0dKhSB8pwmD9iFwNMpUKQZJQqHhWCUPkgbjhdAaAPu-B-Mlth3n3QHNlHN9Y-lxj9uTjfz9AcnfQ4Q:1s6rND:Do8GEIyP8fTFN33AV4lbEKLwMHLYDUZNlBSx4z4AUcI",
    "expire_date": "2024-05-28T12:35:15.743Z"
  }
},
{
  "model": "sessions.session",
  "pk": "un9qwz29fuy34fyne3fr2of0bl3ltxqf",
  "fields": {
    "session_data": ".eJxVjDsOgzAQRO-ydWQZ2xjsMn3OgHbZdUwSgcSnQtw9RqJIuqd5M7NDh9uau22RuRsYIlRw-80I-7eMp-AXjs9J9dO4zgOps6Iuu6jHxPK5X92_g4xLLmtrHaHh2gslzylpCi4UNK0V4yhoKqiTlTawMd4jUtM0GNhSVWtdl9Me5xXiDgGiOY4vVkw8CA:1sBR4v:tX9yw5VK6a3sHvv644GBlu5V2Zi5PtbStfGQPzPPJLY",
    "expire_date": "2024-06-10T03:31:17.758Z"
  }
},
{
  "model": "sessions.session",
  "pk": "w9twlswrzjp3m3n782d7aqon3xuclgxt",
  "fields": {
    "session_data": ".eJxVjcsKwyAQRf_FdQhqDHns2h-RcTISqTUlamkp_ffGEApZzjl37v0wQFxySPpJq7OOJk13cJ6NIXtf_W2OtLKRAauYhpzmHWg3bUzwMzSANwrFgPcF10dJvWcOHevLdlFIDiG5JVyPr1PVDHEuCy2R6ajtJjISARWXApQdFErbS4vTgH2rQAnTN7bpaBBSWMtRNEPD245KaaQYtxlNr4db32zk3x_lE1XP:1sJyqj:TuAXSeGc4CbPeCxNDTfCG1D9xNjvWZ4LLjm4a_HobEg",
    "expire_date": "2024-07-03T17:11:57.177Z"
  }
},
{
  "model": "sessions.session",
  "pk": "y2tq1s3ufnvqyvl0tq0u5bxkyrej6cxv",
  "fields": {
    "session_data": "e30:1sGoCS:HYrXWH6UfzDlDfSU37RO8RxsULO7RJm5YXhmlzURbG4",
    "expire_date": "2024-06-24T23:13:16.264Z"
  }
},
{
  "model": "sites.site",
  "fields": {
    "domain": "joliemimiboutique.example.com",
    "name": "Jolie-Mimi Boutique"
  }
},
{
  "model": "products.category",
  "pk": 1,
  "fields": {
    "name": "anarkali",
    "friendly_name": "Anarkali"
  }
},
{
  "model": "products.category",
  "pk": 2,
  "fields": {
    "name": "casual",
    "friendly_name": "Casual"
  }
},
{
  "model": "products.category",
  "pk": 3,
  "fields": {
    "name": "clearance",
    "friendly_name": "Clearance"
  }
},
{
  "model": "products.category",
  "pk": 4,
  "fields": {
    "name": "dresses",
    "friendly_name": "Dresses"
  }
},
{
  "model": "products.category",
  "pk": 5,
  "fields": {
    "name": "deals",
    "friendly_name": "Deals"
  }
},
{
  "model": "products.category",
  "pk": 6,
  "fields": {
    "name": "jewellery",
    "friendly_name": "Jewellery"
  }
},
{
  "model": "products.category",
  "pk": 7,
  "fields": {
    "name": "kurtas_tops",
    "friendly_name": "Kurtas & tops"
  }
},
{
  "model": "products.category",
  "pk": 8,
  "fields": {
    "name": "lehngas",
    "friendly_name": "Lehngas"
  }
},
{
  "model": "products.category",
  "pk": 9,
  "fields": {
    "name": "new_in",
    "friendly_name": "New In"
  }
},
{
  "model": "products.category",
  "pk": 11,
  "fields": {
    "name": "spring_summer",
    "friendly_name": "Spring/Summer"
  }
},
{
  "model": "products.category",
  "pk": 12,
  "fields": {
    "name": "suits_sets",
    "friendly_name": "Suits Sets"
  }
},
{
  "model": "products.category",
  "pk": 13,
  "fields": {
    "name": "unstitched",
    "friendly_name": "Unstitch"
  }
},
{
  "model": "products.category",
  "pk": 14,
  "fields": {
    "name": "partywear",
    "friendly_name": "Partywear"
  }
},
{
  "model": "products.product",
  "pk": 1,
  "fields": {
    "category": 4,
    "sku": "20240001",
    "name": "Dress",
    "description": "Majenta-maxi",
    "has_sizes": true,
    "selling_price": "35.00",
    "discounted_price": "0.00",
    "rating": "4.50",
    "image": "majenta-2-Photoroom-Photoroom.jpg"
  }
},
{
  "model": "products.product",
  "pk": 2,
  "fields": {
    "category": 7,
    "sku": "20240002",
    "name": "Kurta",
    "description": "Kurta-Top",
    "has_sizes": true,
    "selling_price": "20.99",
    "discounted_price": "0.00",
    "rating": null,
    "image": "new-3-Photoroom.jpg"
  }
},
{
  "model": "products.product",
  "pk": 3,
  "fields": {
    "category": 1,
    "sku": "20240003",
    "name": "Anarkali",
    "description": "A Traditional but modern stitching style and a new look of Indian suit named anarkali is here",
    "has_sizes": true,
    "selling_price": "25.99",
    "discounted_price": "0.00",
    "rating": null,
    "image": "copyofanarkali-Photoroom.jpg"
  }
},
{
  "model": "products.product",
  "pk": 4,
  "fields": {
    "category": 2,
    "sku": "20242004",
    "name": "(casual) dress",
    "description": "A great example of simple and comfort shiny pink dress",
    "has_sizes": true,
    "selling_price": "14.99",
    "discounted_price": "0.00",
    "rating": null,
    "image": "frill-dress-regular-1.jpg"
  }
},
{
  "model": "products.product",
  "pk": 5,
  "fields": {
    "category": 3,
    "sku": "20242005",
    "name": "flower-suit(clearance)",
    "description": "pink flower butterfly suit",
    "has_sizes": true,
    "selling_price": "11.99",
    "discounted_price": "0.00",
    "rating": null,
    "image": "unstitiched-pink-flower_ODTLYk9.webp"
  }
},
{
  "model": "products.product",
  "pk": 6,
  "fields": {
    "category": 5,
    "sku": "20240006",
    "name": "pink suit(deals)",
    "description": "pink suit (deals)",
    "has_sizes": true,
    "selling_price": "35.99",
    "discounted_price": "0.00",
    "rating": null,
    "image": "majenta-dress-2.jpg"
  }
},
{
  "model": "products.product",
  "pk": 7,
  "fields": {
    "category": 6,
    "sku": "20240007",
    "name": "v shape necklace",
    "description": "made with pink shiny pearls lovely necklace",
    "has_sizes": false,
    "selling_price": "10.99",
    "discounted_price": "0.00",
    "rating": null,
    "image": "jewellery.jpeg"
  }
},
{
  "model": "products.product",
  "pk": 9,
  "fields": {
    "category": 9,
    "sku": "20240009",
    "name": "light green kurta",
    "description": "light green kurta for special occasions",
    "has_sizes": true,
    "selling_price": "12.99",
    "discounted_price": "10.00",
    "rating": null,
    "image": "light-green.webp"
  }
},
{
  "model": "products.product",
  "pk": 10,
  "fields": {
    "category": 14,
    "sku": "20240010",
    "name": "Glittering-party pink dress",
    "description": "Absolutely stunning looking full with the glitters a cute pink dress",
    "has_sizes": true,
    "selling_price": "54.99",
    "discounted_price": "0.00",
    "rating": null,
    "image": "frill-dress-regular-1-Photoroom.jpg"
  }
},
{
  "model": "products.product",
  "pk": 11,
  "fields": {
    "category": 11,
    "sku": "20240011",
    "name": "White flower printed kurta",
    "description": "Beautiful white transparent body hugging kurta",
    "has_sizes": true,
    "selling_price": "13.99",
    "discounted_price": "0.00",
    "rating": null,
    "image": "white-kurta-2.jpg"
  }
},
{
  "model": "products.product",
  "pk": 12,
  "fields": {
    "category": 12,
    "sku": "20240012",
    "name": "A traditional blue suit",
    "description": "A traditional sky blue flower print lovely looking suit",
    "has_sizes": true,
    "selling_price": "23.99",
    "discounted_price": "0.00",
    "rating": null,
    "image": "traditional-blue-suit.jpeg"
  }
},
{
  "model": "products.product",
  "pk": 13,
  "fields": {
    "category": 13,
    "sku": "20240013",
    "name": "flower print",
    "description": "Georgette material unstitch suite approximately 5 meters long with the standard width",
    "has_sizes": false,
    "selling_price": "9.99",
    "discounted_price": "0.00",
    "rating": null,
    "image": "unstitiched-pink-flower.webp"
  }
},
{
  "model": "products.product",
  "pk": 14,
  "fields": {
    "category": 14,
    "sku": "202420013",
    "name": "stunnning party dress",
    "description": "Absolutely beautiful dress for any party or special occasion",
    "has_sizes": true,
    "selling_price": "12.99",
    "discounted_price": "0.00",
    "rating": null,
    "image": "frill-dress-regular-1-Photoroom_JGwgxrq.jpg"
  }
},
{
  "model": "products.product",
  "pk": 15,
  "fields": {
    "category": 6,
    "sku": "20240014",
    "name": "Double Layers White Pearl Necklace with Earrings",
    "description": "Real pearl necklace set- genuine cultured 7-7.5mm white round fresh water pearl 2 row wedding necklace earrings set, real pearl set",
    "has_sizes": false,
    "selling_price": "24.99",
    "discounted_price": "0.00",
    "rating": null,
    "image": "white-pearls.jpg"
  }
},
{
  "model": "products.product",
  "pk": 16,
  "fields": {
    "category": 4,
    "sku": "20240015",
    "name": "Round Neck, flick and flared off green dress",
    "description": "Elegant Sleeveless Bodycon Evening Dress For Party & Banquet, Women's Clothing Wedding/Evening dress/Occasion/Engagement/Ceremony",
    "has_sizes": true,
    "selling_price": "34.99",
    "discounted_price": "0.00",
    "rating": "4.00",
    "image": "off-green.jpg"
  }
},
{
  "model": "products.product",
  "pk": 24,
  "fields": {
    "category": 9,
    "sku": "20242023",
    "name": "testing new-in-category",
    "description": "test test",
    "has_sizes": true,
    "selling_price": "10.99",
    "discounted_price": "0.00",
    "rating": null,
    "image": "new-12-Photoroom.jpg"
  }
},
{
  "model": "products.product",
  "pk": 25,
  "fields": {
    "category": 14,
    "sku": "20242024",
    "name": "testing new product1",
    "description": "test",
    "has_sizes": true,
    "selling_price": "25.99",
    "discounted_price": "0.00",
    "rating": null,
    "image": "new-15-Photoroom.jpg"
  }
},
{
  "model": "products.product",
  "pk": 26,
  "fields": {
    "category": 11,
    "sku": "20242026",
    "name": "Shady Skirt with the Creamy Top",
    "description": "White colour shady top with a long skirt. Made from soft cotton makes you feel more comfortable and confident. A perfect collection for the spring-summer season",
    "has_sizes": true,
    "selling_price": "10.99",
    "discounted_price": "0.00",
    "rating": null,
    "image": ""
  }
},
{
  "model": "checkout.order",
  "pk": 14,
  "fields": {
    "order_number": "F0341AEE586F4CF9A1A2B98161E2A78D",
    "user_profile": 2,
    "full_name": "letstestit",
    "email": "k29singh@gmail.com",
    "phone_number": "12345678",
    "country": "IE",
    "postcode": "N39x7D8",
    "town_or_city": "Longford",
    "street_address1": "73 Dun Darrach",
    "street_address2": "Dublin Road,",
    "county": "Longford",
    "date": "2024-06-12T18:40:11.050Z",
    "delivery_cost": "2.80",
    "order_total": "27.98",
    "grand_total": "30.78",
    "original_cart": "{\"9\": {\"items_by_size\": {\"m\": 1}}, \"4\": {\"items_by_size\": {\"m\": 1}}}",
    "stripe_pid": "pi_3PQw5GLdZm4Sj6hU30dFDgQn"
  }
},
{
  "model": "checkout.order",
  "pk": 15,
  "fields": {
    "order_number": "DB15239D6EBB4EEFA9A9A4917B5FA642",
    "user_profile": 2,
    "full_name": "letstestit",
    "email": "k29singh@gmail.com",
    "phone_number": "12345678",
    "country": "IE",
    "postcode": "N39x7D8",
    "town_or_city": "Longford",
    "street_address1": "73 Dun Darrach",
    "street_address2": "Dublin Road,",
    "county": "Longford",
    "date": "2024-06-12T19:17:15.034Z",
    "delivery_cost": "4.20",
    "order_total": "41.98",
    "grand_total": "46.18",
    "original_cart": "{\"2\": {\"items_by_size\": {\"m\": 2}}}",
    "stripe_pid": "pi_3PQwf6LdZm4Sj6hU0VWeuSEe"
  }
},
{
  "model": "checkout.order",
  "pk": 16,
  "fields": {
    "order_number": "D4827800D97343969F6D10435E6B0DEB",
    "user_profile": 11,
    "full_name": "kulwinder Singh",
    "email": "k29singh@gmail.com",
    "phone_number": "12345678",
    "country": "IE",
    "postcode": "D12XD52",
    "town_or_city": "Longford",
    "street_address1": "73 Dun Darrach",
    "street_address2": "Dublin Road,",
    "county": "Longford",
    "date": "2024-06-30T01:27:48.009Z",
    "delivery_cost": "3.50",
    "order_total": "35.00",
    "grand_total": "38.50",
    "original_cart": "{\"1\": {\"items_by_size\": {\"m\": 1}}}",
    "stripe_pid": "pi_3PXCXiLdZm4Sj6hU0L9dEVsI"
  }
},
{
  "model": "checkout.orderlineitem",
  "pk": 26,
  "fields": {
    "order": 14,
    "product": 9,
    "product_size": "m",
    "quantity": 1,
    "lineitem_total": "12.99"
  }
},
{
  "model": "checkout.orderlineitem",
  "pk": 27,
  "fields": {
    "order": 14,
    "product": 4,
    "product_size": "m",
    "quantity": 1,
    "lineitem_total": "14.99"
  }
},
{
  "model": "checkout.orderlineitem",
  "pk": 28,
  "fields": {
    "order": 15,
    "product": 2,
    "product_size": "m",
    "quantity": 2,
    "lineitem_total": "41.98"
  }
},
{
  "model": "checkout.orderlineitem",
  "pk": 29,
  "fields": {
    "order": 16,
    "product": 1,
    "product_size": "m",
    "quantity": 1,
    "lineitem_total": "35.00"
  }
},
{
  "model": "wishlist.wishlistitem",
  "pk": 10,
  "fields": {
    "product": 9,
    "wishlist": 3
  }
},
{
  "model": "wishlist.wishlistitem",
  "pk": 17,
  "fields": {
    "product": 1,
    "wishlist": 4
  }
},
{
  "model": "wishlist.wishlistitem",
  "pk": 18,
  "fields": {
    "product": 16,
    "wishlist": 4
  }
},
{
  "model": "wishlist.wishlistitem",
  "pk": 19,
  "fields": {
    "product": 15,
    "wishlist": 4
  }
},
{
  "model": "wishlist.wishlistitem",
  "pk": 20,
  "fields": {
    "product": 7,
    "wishlist": 4
  }
},
{
  "model": "wishlist.wishlistitem",
  "pk": 21,
  "fields": {
    "product": 9,
    "wishlist": 4
  }
},
{
  "model": "wishlist.wishlistitem",
  "pk": 27,
  "fields": {
    "product": 4,
    "wishlist": 2
  }
},
{
  "model": "wishlist.wishlistitem",
  "pk": 28,
  "fields": {
    "product": 7,
    "wishlist": 2
  }
},
{
  "model": "wishlist.wishlistitem",
  "pk": 29,
  "fields": {
    "product": 4,
    "wishlist": 4
  }
},
{
  "model": "wishlist.wishlistitem",
  "pk": 30,
  "fields": {
    "product": 1,
    "wishlist": 5
  }
},
{
  "model": "wishlist.wishlistitem",
  "pk": 31,
  "fields": {
    "product": 25,
    "wishlist": 2
  }
},
{
  "model": "wishlist.wishlistitem",
  "pk": 32,
  "fields": {
    "product": 1,
    "wishlist": 2
  }
},
{
  "model": "wishlist.wishlistitem",
  "pk": 33,
  "fields": {
    "product": 2,
    "wishlist": 2
  }
},
{
  "model": "auth.permission",
  "fields": {
    "name": "Can add log entry",
    "content_type": [
      "admin",
      "logentry"
    ],
    "codename": "add_logentry"
  }
},
{
  "model": "auth.permission",
  "fields": {
    "name": "Can change log entry",
    "content_type": [
      "admin",
      "logentry"
    ],
    "codename": "change_logentry"
  }
},
{
  "model": "auth.permission",
  "fields": {
    "name": "Can delete log entry",
    "content_type": [
      "admin",
      "logentry"
    ],
    "codename": "delete_logentry"
  }
},
{
  "model": "auth.permission",
  "fields": {
    "name": "Can view log entry",
    "content_type": [
      "admin",
      "logentry"
    ],
    "codename": "view_logentry"
  }
},
{
  "model": "auth.permission",
  "fields": {
    "name": "Can add permission",
    "content_type": [
      "auth",
      "permission"
    ],
    "codename": "add_permission"
  }
},
{
  "model": "auth.permission",
  "fields": {
    "name": "Can change permission",
    "content_type": [
      "auth",
      "permission"
    ],
    "codename": "change_permission"
  }
},
{
  "model": "auth.permission",
  "fields": {
    "name": "Can delete permission",
    "content_type": [
      "auth",
      "permission"
    ],
    "codename": "delete_permission"
  }
},
{
  "model": "auth.permission",
  "fields": {
    "name": "Can view permission",
    "content_type": [
      "auth",
      "permission"
    ],
    "codename": "view_permission"
  }
},
{
  "model": "auth.permission",
  "fields": {
    "name": "Can add group",
    "content_type": [
      "auth",
      "group"
    ],
    "codename": "add_group"
  }
},
{
  "model": "auth.permission",
  "fields": {
    "name": "Can change group",
    "content_type": [
      "auth",
      "group"
    ],
    "codename": "change_group"
  }
},
{
  "model": "auth.permission",
  "fields": {
    "name": "Can delete group",
    "content_type": [
      "auth",
      "group"
    ],
    "codename": "delete_group"
  }
},
{
  "model": "auth.permission",
  "fields": {
    "name": "Can view group",
    "content_type": [
      "auth",
      "group"
    ],
    "codename": "view_group"
  }
},
{
  "model": "auth.permission",
  "fields": {
    "name": "Can add user",
    "content_type": [
      "auth",
      "user"
    ],
    "codename": "add_user"
  }
},
{
  "model": "auth.permission",
  "fields": {
    "name": "Can change user",
    "content_type": [
      "auth",
      "user"
    ],
    "codename": "change_user"
  }
},
{
  "model": "auth.permission",
  "fields": {
    "name": "Can delete user",
    "content_type": [
      "auth",
      "user"
    ],
    "codename": "delete_user"
  }
},
{
  "model": "auth.permission",
  "fields": {
    "name": "Can view user",
    "content_type": [
      "auth",
      "user"
    ],
    "codename": "view_user"
  }
},
{
  "model": "auth.permission",
  "fields": {
    "name": "Can add content type",
    "content_type": [
      "contenttypes",
      "contenttype"
    ],
    "codename": "add_contenttype"
  }
},
{
  "model": "auth.permission",
  "fields": {
    "name": "Can change content type",
    "content_type": [
      "contenttypes",
      "contenttype"
    ],
    "codename": "change_contenttype"
  }
},
{
  "model": "auth.permission",
  "fields": {
    "name": "Can delete content type",
    "content_type": [
      "contenttypes",
      "contenttype"
    ],
    "codename": "delete_contenttype"
  }
},
{
  "model": "auth.permission",
  "fields": {
    "name": "Can view content type",
    "content_type": [
      "contenttypes",
      "contenttype"
    ],
    "codename": "view_contenttype"
  }
},
{
  "model": "auth.permission",
  "fields": {
    "name": "Can add session",
    "content_type": [
      "sessions",
      "session"
    ],
    "codename": "add_session"
  }
},
{
  "model": "auth.permission",
  "fields": {
    "name": "Can change session",
    "content_type": [
      "sessions",
      "session"
    ],
    "codename": "change_session"
  }
},
{
  "model": "auth.permission",
  "fields": {
    "name": "Can delete session",
    "content_type": [
      "sessions",
      "session"
    ],
    "codename": "delete_session"
  }
},
{
  "model": "auth.permission",
  "fields": {
    "name": "Can view session",
    "content_type": [
      "sessions",
      "session"
    ],
    "codename": "view_session"
  }
},
{
  "model": "auth.permission",
  "fields": {
    "name": "Can add site",
    "content_type": [
      "sites",
      "site"
    ],
    "codename": "add_site"
  }
},
{
  "model": "auth.permission",
  "fields": {
    "name": "Can change site",
    "content_type": [
      "sites",
      "site"
    ],
    "codename": "change_site"
  }
},
{
  "model": "auth.permission",
  "fields": {
    "name": "Can delete site",
    "content_type": [
      "sites",
      "site"
    ],
    "codename": "delete_site"
  }
},
{
  "model": "auth.permission",
  "fields": {
    "name": "Can view site",
    "content_type": [
      "sites",
      "site"
    ],
    "codename": "view_site"
  }
},
{
  "model": "auth.permission",
  "fields": {
    "name": "Can add email address",
    "content_type": [
      "account",
      "emailaddress"
    ],
    "codename": "add_emailaddress"
  }
},
{
  "model": "auth.permission",
  "fields": {
    "name": "Can change email address",
    "content_type": [
      "account",
      "emailaddress"
    ],
    "codename": "change_emailaddress"
  }
},
{
  "model": "auth.permission",
  "fields": {
    "name": "Can delete email address",
    "content_type": [
      "account",
      "emailaddress"
    ],
    "codename": "delete_emailaddress"
  }
},
{
  "model": "auth.permission",
  "fields": {
    "name": "Can view email address",
    "content_type": [
      "account",
      "emailaddress"
    ],
    "codename": "view_emailaddress"
  }
},
{
  "model": "auth.permission",
  "fields": {
    "name": "Can add email confirmation",
    "content_type": [
      "account",
      "emailconfirmation"
    ],
    "codename": "add_emailconfirmation"
  }
},
{
  "model": "auth.permission",
  "fields": {
    "name": "Can change email confirmation",
    "content_type": [
      "account",
      "emailconfirmation"
    ],
    "codename": "change_emailconfirmation"
  }
},
{
  "model": "auth.permission",
  "fields": {
    "name": "Can delete email confirmation",
    "content_type": [
      "account",
      "emailconfirmation"
    ],
    "codename": "delete_emailconfirmation"
  }
},
{
  "model": "auth.permission",
  "fields": {
    "name": "Can view email confirmation",
    "content_type": [
      "account",
      "emailconfirmation"
    ],
    "codename": "view_emailconfirmation"
  }
},
{
  "model": "auth.permission",
  "fields": {
    "name": "Can add social account",
    "content_type": [
      "socialaccount",
      "socialaccount"
    ],
    "codename": "add_socialaccount"
  }
},
{
  "model": "auth.permission",
  "fields": {
    "name": "Can change social account",
    "content_type": [
      "socialaccount",
      "socialaccount"
    ],
    "codename": "change_socialaccount"
  }
},
{
  "model": "auth.permission",
  "fields": {
    "name": "Can delete social account",
    "content_type": [
      "socialaccount",
      "socialaccount"
    ],
    "codename": "delete_socialaccount"
  }
},
{
  "model": "auth.permission",
  "fields": {
    "name": "Can view social account",
    "content_type": [
      "socialaccount",
      "socialaccount"
    ],
    "codename": "view_socialaccount"
  }
},
{
  "model": "auth.permission",
  "fields": {
    "name": "Can add social application",
    "content_type": [
      "socialaccount",
      "socialapp"
    ],
    "codename": "add_socialapp"
  }
},
{
  "model": "auth.permission",
  "fields": {
    "name": "Can change social application",
    "content_type": [
      "socialaccount",
      "socialapp"
    ],
    "codename": "change_socialapp"
  }
},
{
  "model": "auth.permission",
  "fields": {
    "name": "Can delete social application",
    "content_type": [
      "socialaccount",
      "socialapp"
    ],
    "codename": "delete_socialapp"
  }
},
{
  "model": "auth.permission",
  "fields": {
    "name": "Can view social application",
    "content_type": [
      "socialaccount",
      "socialapp"
    ],
    "codename": "view_socialapp"
  }
},
{
  "model": "auth.permission",
  "fields": {
    "name": "Can add social application token",
    "content_type": [
      "socialaccount",
      "socialtoken"
    ],
    "codename": "add_socialtoken"
  }
},
{
  "model": "auth.permission",
  "fields": {
    "name": "Can change social application token",
    "content_type": [
      "socialaccount",
      "socialtoken"
    ],
    "codename": "change_socialtoken"
  }
},
{
  "model": "auth.permission",
  "fields": {
    "name": "Can delete social application token",
    "content_type": [
      "socialaccount",
      "socialtoken"
    ],
    "codename": "delete_socialtoken"
  }
},
{
  "model": "auth.permission",
  "fields": {
    "name": "Can view social application token",
    "content_type": [
      "socialaccount",
      "socialtoken"
    ],
    "codename": "view_socialtoken"
  }
},
{
  "model": "auth.permission",
  "fields": {
    "name": "Can add category",
    "content_type": [
      "products",
      "category"
    ],
    "codename": "add_category"
  }
},
{
  "model": "auth.permission",
  "fields": {
    "name": "Can change category",
    "content_type": [
      "products",
      "category"
    ],
    "codename": "change_category"
  }
},
{
  "model": "auth.permission",
  "fields": {
    "name": "Can delete category",
    "content_type": [
      "products",
      "category"
    ],
    "codename": "delete_category"
  }
},
{
  "model": "auth.permission",
  "fields": {
    "name": "Can view category",
    "content_type": [
      "products",
      "category"
    ],
    "codename": "view_category"
  }
},
{
  "model": "auth.permission",
  "fields": {
    "name": "Can add product",
    "content_type": [
      "products",
      "product"
    ],
    "codename": "add_product"
  }
},
{
  "model": "auth.permission",
  "fields": {
    "name": "Can change product",
    "content_type": [
      "products",
      "product"
    ],
    "codename": "change_product"
  }
},
{
  "model": "auth.permission",
  "fields": {
    "name": "Can delete product",
    "content_type": [
      "products",
      "product"
    ],
    "codename": "delete_product"
  }
},
{
  "model": "auth.permission",
  "fields": {
    "name": "Can view product",
    "content_type": [
      "products",
      "product"
    ],
    "codename": "view_product"
  }
},
{
  "model": "auth.permission",
  "fields": {
    "name": "Can add order",
    "content_type": [
      "checkout",
      "order"
    ],
    "codename": "add_order"
  }
},
{
  "model": "auth.permission",
  "fields": {
    "name": "Can change order",
    "content_type": [
      "checkout",
      "order"
    ],
    "codename": "change_order"
  }
},
{
  "model": "auth.permission",
  "fields": {
    "name": "Can delete order",
    "content_type": [
      "checkout",
      "order"
    ],
    "codename": "delete_order"
  }
},
{
  "model": "auth.permission",
  "fields": {
    "name": "Can view order",
    "content_type": [
      "checkout",
      "order"
    ],
    "codename": "view_order"
  }
},
{
  "model": "auth.permission",
  "fields": {
    "name": "Can add order line item",
    "content_type": [
      "checkout",
      "orderlineitem"
    ],
    "codename": "add_orderlineitem"
  }
},
{
  "model": "auth.permission",
  "fields": {
    "name": "Can change order line item",
    "content_type": [
      "checkout",
      "orderlineitem"
    ],
    "codename": "change_orderlineitem"
  }
},
{
  "model": "auth.permission",
  "fields": {
    "name": "Can delete order line item",
    "content_type": [
      "checkout",
      "orderlineitem"
    ],
    "codename": "delete_orderlineitem"
  }
},
{
  "model": "auth.permission",
  "fields": {
    "name": "Can view order line item",
    "content_type": [
      "checkout",
      "orderlineitem"
    ],
    "codename": "view_orderlineitem"
  }
},
{
  "model": "auth.permission",
  "fields": {
    "name": "Can add user profile",
    "content_type": [
      "profiles",
      "userprofile"
    ],
    "codename": "add_userprofile"
  }
},
{
  "model": "auth.permission",
  "fields": {
    "name": "Can change user profile",
    "content_type": [
      "profiles",
      "userprofile"
    ],
    "codename": "change_userprofile"
  }
},
{
  "model": "auth.permission",
  "fields": {
    "name": "Can delete user profile",
    "content_type": [
      "profiles",
      "userprofile"
    ],
    "codename": "delete_userprofile"
  }
},
{
  "model": "auth.permission",
  "fields": {
    "name": "Can view user profile",
    "content_type": [
      "profiles",
      "userprofile"
    ],
    "codename": "view_userprofile"
  }
},
{
  "model": "auth.permission",
  "fields": {
    "name": "Can add wish list item",
    "content_type": [
      "wishlist",
      "wishlistitem"
    ],
    "codename": "add_wishlistitem"
  }
},
{
  "model": "auth.permission",
  "fields": {
    "name": "Can change wish list item",
    "content_type": [
      "wishlist",
      "wishlistitem"
    ],
    "codename": "change_wishlistitem"
  }
},
{
  "model": "auth.permission",
  "fields": {
    "name": "Can delete wish list item",
    "content_type": [
      "wishlist",
      "wishlistitem"
    ],
    "codename": "delete_wishlistitem"
  }
},
{
  "model": "auth.permission",
  "fields": {
    "name": "Can view wish list item",
    "content_type": [
      "wishlist",
      "wishlistitem"
    ],
    "codename": "view_wishlistitem"
  }
},
{
  "model": "auth.permission",
  "fields": {
    "name": "Can add wish list",
    "content_type": [
      "wishlist",
      "wishlist"
    ],
    "codename": "add_wishlist"
  }
},
{
  "model": "auth.permission",
  "fields": {
    "name": "Can change wish list",
    "content_type": [
      "wishlist",
      "wishlist"
    ],
    "codename": "change_wishlist"
  }
},
{
  "model": "auth.permission",
  "fields": {
    "name": "Can delete wish list",
    "content_type": [
      "wishlist",
      "wishlist"
    ],
    "codename": "delete_wishlist"
  }
},
{
  "model": "auth.permission",
  "fields": {
    "name": "Can view wish list",
    "content_type": [
      "wishlist",
      "wishlist"
    ],
    "codename": "view_wishlist"
  }
},
{
  "model": "auth.permission",
  "fields": {
    "name": "Can add product review",
    "content_type": [
      "products",
      "productreview"
    ],
    "codename": "add_productreview"
  }
},
{
  "model": "auth.permission",
  "fields": {
    "name": "Can change product review",
    "content_type": [
      "products",
      "productreview"
    ],
    "codename": "change_productreview"
  }
},
{
  "model": "auth.permission",
  "fields": {
    "name": "Can delete product review",
    "content_type": [
      "products",
      "productreview"
    ],
    "codename": "delete_productreview"
  }
},
{
  "model": "auth.permission",
  "fields": {
    "name": "Can view product review",
    "content_type": [
      "products",
      "productreview"
    ],
    "codename": "view_productreview"
  }
},
{
  "model": "auth.user",
  "fields": {
    "password": "pbkdf2_sha256$1000000$IM8Iw21tGquYzbwuGAeC4A$Jd9+3JlBFDklfT5MSvvmWcsJOoyU85jVsAHUQ/XrGbw=",
    "last_login": "2025-06-03T23:31:22.746Z",
    "is_superuser": true,
    "username": "admin",
    "first_name": "",
    "last_name": "",
    "email": "admin@someemail.com",
    "is_staff": true,
    "is_active": true,
    "date_joined": "2024-05-14T11:43:50.175Z",
    "groups": [],
    "user_permissions": []
  }
},
{
  "model": "auth.user",
  "fields": {
    "password": "pbkdf2_sha256$260000$lH1sfRMR84jLXRvPf7q20Y$gOo/is6JQqWIm3lhs7bcu6aNHyh263tvh+V0aG+v3hI=",
    "last_login": "2024-06-15T12:11:33.584Z",
    "is_superuser": false,
    "username": "Sonu",
    "first_name": "",
    "last_name": "",
    "email": "k29singh@gmail.com",
    "is_staff": false,
    "is_active": true,
    "date_joined": "2024-06-10T23:43:59.973Z",
    "groups": [],
    "user_permissions": []
  }
},
{
  "model": "auth.user",
  "fields": {
    "password": "pbkdf2_sha256$260000$IB7K8FJ5arRofWu8KB080L$maEovEFhwEJlcuvxZ02JJEbkuDRD7qGv9N9CqTK1nog=",
    "last_login": "2024-06-13T11:34:21.250Z",
    "is_superuser": false,
    "username": "dishwasher",
    "first_name": "",
    "last_name": "",
    "email": "JuliiaKonn@protonmail.com",
    "is_staff": false,
    "is_active": true,
    "date_joined": "2024-06-13T11:32:47.684Z",
    "groups": [],
    "user_permissions": []
  }
},
{
  "model": "auth.user",
  "fields": {
    "password": "pbkdf2_sha256$260000$XaGdeZ4GuWKouo1cwXPQgg$qQ6aHMtDRYQR4a7nwAgYptec1bJ9cDBkoHiE/NC9Vvw=",
    "last_login": "2024-06-13T11:36:16.572Z",
    "is_superuser": false,
    "username": "dishwasher1",
    "first_name": "",
    "last_name": "",
    "email": "dishwasher@gmail.com",
    "is_staff": false,
    "is_active": true,
    "date_joined": "2024-06-13T11:35:52.599Z",
    "groups": [],
    "user_permissions": []
  }
},
{
  "model": "auth.user",
  "fields": {
    "password": "pbkdf2_sha256$260000$SE6TravA5OfHAhrbKtjO56$8nsJeTwrc3WbL+2j0O5pk6QmvwenYfbd1TamBNlvbQI=",
    "last_login": null,
    "is_superuser": false,
    "username": "samual",
    "first_name": "",
    "last_name": "",
    "email": "k29singh@outlook.com",
    "is_staff": false,
    "is_active": true,
    "date_joined": "2024-06-19T11:18:48.039Z",
    "groups": [],
    "user_permissions": []
  }
},
{
  "model": "auth.user",
  "fields": {
    "password": "pbkdf2_sha256$260000$m3MeZjE0QxE1tuYpGdMox7$rnv/p2XKJwjMsl0xXo5MCuzFDQmuhh7KPGUcv0Z3dQo=",
    "last_login": null,
    "is_superuser": false,
    "username": "veer",
    "first_name": "",
    "last_name": "",
    "email": "degohes558@luravell.com",
    "is_staff": false,
    "is_active": true,
    "date_joined": "2024-06-19T11:41:10.369Z",
    "groups": [],
    "user_permissions": []
  }
},
{
  "model": "auth.user",
  "fields": {
    "password": "pbkdf2_sha256$260000$9Pavq0noTB3QMaJTHvm6XL$mUC+iJ/Gg7pomtRxK/42X3oKC3m7lPTgnV+vXhIDB3k=",
    "last_login": null,
    "is_superuser": false,
    "username": "veersingh",
    "first_name": "",
    "last_name": "",
    "email": "lekihox233@egela.com",
    "is_staff": false,
    "is_active": true,
    "date_joined": "2024-06-19T11:43:04.267Z",
    "groups": [],
    "user_permissions": []
  }
},
{
  "model": "auth.user",
  "fields": {
    "password": "pbkdf2_sha256$260000$tiWebmM0IqcLwHi11pZaRl$tOP/gs3oJ9tS8suTDMIOF+Vf0zEGDihRMCjR6x3eX/M=",
    "last_login": null,
    "is_superuser": false,
    "username": "TESTA",
    "first_name": "",
    "last_name": "",
    "email": "roo.macarthur@codeinstitute.net",
    "is_staff": false,
    "is_active": true,
    "date_joined": "2024-06-19T12:18:28.404Z",
    "groups": [],
    "user_permissions": []
  }
},
{
  "model": "auth.user",
  "fields": {
    "password": "pbkdf2_sha256$260000$oPjbuuM9ZLo5iJ60lVSUcv$8VNUQcCuc5ooCO1E3MIu1jkYrKQ0XwmqEaQu/GBIDjY=",
    "last_login": null,
    "is_superuser": false,
    "username": "veers",
    "first_name": "",
    "last_name": "",
    "email": "tw8nb@navalcadets.com",
    "is_staff": false,
    "is_active": true,
    "date_joined": "2024-06-19T16:57:10.087Z",
    "groups": [],
    "user_permissions": []
  }
},
{
  "model": "auth.user",
  "fields": {
    "password": "pbkdf2_sha256$260000$IPzW8ZaikZEtIVwUoD2EAg$8SNuEHElFT/nxNUUOgHdusarzrzk7en5+eSckubRRqY=",
    "last_login": "2024-06-19T17:11:57.022Z",
    "is_superuser": false,
    "username": "sonusingh",
    "first_name": "",
    "last_name": "",
    "email": "e1306@navalcadets.com",
    "is_staff": false,
    "is_active": true,
    "date_joined": "2024-06-19T17:09:59.411Z",
    "groups": [],
    "user_permissions": []
  }
},
{
  "model": "auth.user",
  "fields": {
    "password": "pbkdf2_sha256$1000000$tLhl9zWbUInzPfiLYA3I33$vehHXflcraoXFGgcPAre/OLMbpSWTVvzqJ3N6t+bkrw=",
    "last_login": "2025-05-13T13:28:56.385Z",
    "is_superuser": true,
    "username": "admin1",
    "first_name": "",
    "last_name": "",
    "email": "k29singh@gmail.com",
    "is_staff": true,
    "is_active": true,
    "date_joined": "2024-06-20T11:39:07.784Z",
    "groups": [],
    "user_permissions": []
  }
},
{
  "model": "auth.user",
  "fields": {
    "password": "pbkdf2_sha256$260000$RTz6ZKtaWEbx9jhpqZ0GpQ$7Ggt2CDqFG4fD8SgCE+IhLXGP96hyKEHFbdMvq/XK6U=",
    "last_login": "2024-06-27T17:05:59.609Z",
    "is_superuser": false,
    "username": "Singh",
    "first_name": "",
    "last_name": "",
    "email": "gakid64483@luravell.com",
    "is_staff": false,
    "is_active": true,
    "date_joined": "2024-06-20T12:35:36.628Z",
    "groups": [],
    "user_permissions": []
  }
},
{
  "model": "auth.user",
  "fields": {
    "password": "pbkdf2_sha256$260000$fgRZpng142eOQG1dxMDO5a$LUFUX6eS/UUvVn2U0LrnYKAsy6hxx4NuJdwUuVrGToQ=",
    "last_login": null,
    "is_superuser": false,
    "username": "Singhveer",
    "first_name": "",
    "last_name": "",
    "email": "bocoha4677@elahan.com",
    "is_staff": false,
    "is_active": true,
    "date_joined": "2024-06-24T15:40:48.939Z",
    "groups": [],
    "user_permissions": []
  }
},
{
  "model": "auth.user",
  "fields": {
    "password": "pbkdf2_sha256$260000$9xUXRVzfgbN4EYvTEHePCo$6UUIw21AR/IG3pyp/OkaY+HvhifCCmUQQuLhEjx9Dkk=",
    "last_login": null,
    "is_superuser": false,
    "username": "Dundarrach",
    "first_name": "",
    "last_name": "",
    "email": "2yzlo9kuv2@mxscout.com",
    "is_staff": false,
    "is_active": true,
    "date_joined": "2024-06-24T15:42:39.087Z",
    "groups": [],
    "user_permissions": []
  }
},
{
  "model": "auth.user",
  "fields": {
    "password": "pbkdf2_sha256$260000$iJRJ2c4EAWm5hVnhgDQjKX$vNiNiyEvlf/5h46NTPW4JPvRI5Mz1PgjwZ58gRsNvYc=",
    "last_login": null,
    "is_superuser": false,
    "username": "abcde",
    "first_name": "",
    "last_name": "",
    "email": "porschia01@inddweg.com",
    "is_staff": false,
    "is_active": true,
    "date_joined": "2024-06-24T15:50:55.460Z",
    "groups": [],
    "user_permissions": []
  }
},
{
  "model": "account.emailaddress",
  "pk": 1,
  "fields": {
    "user": [
      "admin"
    ],
    "email": "admin@someemail.com",
    "verified": true,
    "primary": true
  }
},
{
  "model": "account.emailaddress",
  "pk": 3,
  "fields": {
    "user": [
      "dishwasher"
    ],
    "email": "JuliiaKonn@protonmail.com",
    "verified": true,
    "primary": true
  }
},
{
  "model": "account.emailaddress",
  "pk": 4,
  "fields": {
    "user": [
      "dishwasher1"
    ],
    "email": "dishwasher@gmail.com",
    "verified": true,
    "primary": true
  }
},
{
  "model": "account.emailaddress",
  "pk": 11,
  "fields": {
    "user": [
      "admin1"
    ],
    "email": "k29singh@gmail.com",
    "verified": true,
    "primary": true
  }
},
{
  "model": "account.emailaddress",
  "pk": 12,
  "fields": {
    "user": [
      "Singh"
    ],
    "email": "gakid64483@luravell.com",
    "verified": true,
    "primary": true
  }
},
{
  "model": "account.emailaddress",
  "pk": 14,
  "fields": {
    "user": [
      "Singhveer"
    ],
    "email": "bocoha4677@elahan.com",
    "verified": false,
    "primary": true
  }
},
{
  "model": "account.emailaddress",
  "pk": 15,
  "fields": {
    "user": [
      "Dundarrach"
    ],
    "email": "2yzlo9kuv2@mxscout.com",
    "verified": false,
    "primary": true
  }
},
{
  "model": "account.emailaddress",
  "pk": 16,
  "fields": {
    "user": [
      "abcde"
    ],
    "email": "porschia01@inddweg.com",
    "verified": false,
    "primary": true
  }
},
{
  "model": "products.productreview",
  "pk": 1,
  "fields": {
    "product": 1,
    "user": [
      "Singh"
    ],
    "title": "This is dress(Test)",
    "content": "A perfect dress",
    "rating": 5,
    "date_added": "2024-06-24T15:32:29.084Z"
  }
},
{
  "model": "products.productreview",
  "pk": 2,
  "fields": {
    "product": 3,
    "user": [
      "Singh"
    ],
    "title": "Beautiful dress",
    "content": "Really like it",
    "rating": 4,
    "date_added": "2024-06-25T21:34:28.955Z"
  }
},
{
  "model": "products.productreview",
  "pk": 3,
  "fields": {
    "product": 12,
    "user": [
      "admin1"
    ],
    "title": "The Best one",
    "content": "What a lovely colour and flower pattern, I like it",
    "rating": 3,
    "date_added": "2024-06-29T09:26:19.769Z"
  }
},
{
  "model": "profiles.userprofile",
  "pk": 1,
  "fields": {
    "user": [
      "admin"
    ],
    "default_phone_number": null,
    "default_street_address1": null,
    "default_street_address2": null,
    "default_town_or_city": null,
    "default_postcode": null,
    "default_county": null,
    "default_country": null
  }
},
{
  "model": "profiles.userprofile",
  "pk": 2,
  "fields": {
    "user": [
      "Sonu"
    ],
    "default_phone_number": "12345678",
    "default_street_address1": "73 Dun Darrach",
    "default_street_address2": "Dublin Road,",
    "default_town_or_city": "Longford",
    "default_postcode": "N39x7D8",
    "default_county": "Longford",
    "default_country": "IE"
  }
},
{
  "model": "profiles.userprofile",
  "pk": 3,
  "fields": {
    "user": [
      "dishwasher"
    ],
    "default_phone_number": null,
    "default_street_address1": null,
    "default_street_address2": null,
    "default_town_or_city": null,
    "default_postcode": null,
    "default_county": null,
    "default_country": null
  }
},
{
  "model": "profiles.userprofile",
  "pk": 4,
  "fields": {
    "user": [
      "dishwasher1"
    ],
    "default_phone_number": null,
    "default_street_address1": null,
    "default_street_address2": null,
    "default_town_or_city": null,
    "default_postcode": null,
    "default_county": null,
    "default_country": null
  }
},
{
  "model": "profiles.userprofile",
  "pk": 5,
  "fields": {
    "user": [
      "samual"
    ],
    "default_phone_number": null,
    "default_street_address1": null,
    "default_street_address2": null,
    "default_town_or_city": null,
    "default_postcode": null,
    "default_county": null,
    "default_country": null
  }
},
{
  "model": "profiles.userprofile",
  "pk": 6,
  "fields": {
    "user": [
      "veer"
    ],
    "default_phone_number": null,
    "default_street_address1": null,
    "default_street_address2": null,
    "default_town_or_city": null,
    "default_postcode": null,
    "default_county": null,
    "default_country": null
  }
},
{
  "model": "profiles.userprofile",
  "pk": 7,
  "fields": {
    "user": [
      "veersingh"
    ],
    "default_phone_number": null,
    "default_street_address1": null,
    "default_street_address2": null,
    "default_town_or_city": null,
    "default_postcode": null,
    "default_county": null,
    "default_country": null
  }
},
{
  "model": "profiles.userprofile",
  "pk": 8,
  "fields": {
    "user": [
      "TESTA"
    ],
    "default_phone_number": null,
    "default_street_address1": null,
    "default_street_address2": null,
    "default_town_or_city": null,
    "default_postcode": null,
    "default_county": null,
    "default_country": null
  }
},
{
  "model": "profiles.userprofile",
  "pk": 9,
  "fields": {
    "user": [
      "veers"
    ],
    "default_phone_number": null,
    "default_street_address1": null,
    "default_street_address2": null,
    "default_town_or_city": null,
    "default_postcode": null,
    "default_county": null,
    "default_country": null
  }
},
{
  "model": "profiles.userprofile",
  "pk": 10,
  "fields": {
    "user": [
      "sonusingh"
    ],
    "default_phone_number": null,
    "default_street_address1": null,
    "default_street_address2": null,
    "default_town_or_city": null,
    "default_postcode": null,
    "default_county": null,
    "default_country": null
  }
},
{
  "model": "profiles.userprofile",
  "pk": 11,
  "fields": {
    "user": [
      "admin1"
    ],
    "default_phone_number": "12345678",
    "default_street_address1": "73 Dun Darrach",
    "default_street_address2": "Dublin Road,",
    "default_town_or_city": "Longford",
    "default_postcode": "D12XD52",
    "default_county": "Longford",
    "default_country": "IE"
  }
},
{
  "model": "profiles.userprofile",
  "pk": 12,
  "fields": {
    "user": [
      "Singh"
    ],
    "default_phone_number": null,
    "default_street_address1": null,
    "default_street_address2": null,
    "default_town_or_city": null,
    "default_postcode": null,
    "default_county": null,
    "default_country": null
  }
},
{
  "model": "profiles.userprofile",
  "pk": 13,
  "fields": {
    "user": [
      "Singhveer"
    ],
    "default_phone_number": null,
    "default_street_address1": null,
    "default_street_address2": null,
    "default_town_or_city": null,
    "default_postcode": null,
    "default_county": null,
    "default_country": null
  }
},
{
  "model": "profiles.userprofile",
  "pk": 14,
  "fields": {
    "user": [
      "Dundarrach"
    ],
    "default_phone_number": null,
    "default_street_address1": null,
    "default_street_address2": null,
    "default_town_or_city": null,
    "default_postcode": null,
    "default_county": null,
    "default_country": null
  }
},
{
  "model": "profiles.userprofile",
  "pk": 15,
  "fields": {
    "user": [
      "abcde"
    ],
    "default_phone_number": null,
    "default_street_address1": null,
    "default_street_address2": null,
    "default_town_or_city": null,
    "default_postcode": null,
    "default_county": null,
    "default_country": null
  }
},
{
  "model": "wishlist.wishlist",
  "pk": 1,
  "fields": {
    "user": [
      "Sonu"
    ]
  }
},
{
  "model": "wishlist.wishlist",
  "pk": 2,
  "fields": {
    "user": [
      "admin"
    ]
  }
},
{
  "model": "wishlist.wishlist",
  "pk": 3,
  "fields": {
    "user": [
      "dishwasher"
    ]
  }
},
{
  "model": "wishlist.wishlist",
  "pk": 4,
  "fields": {
    "user": [
      "Singh"
    ]
  }
},
{
  "model": "wishlist.wishlist",
  "pk": 5,
  "fields": {
    "user": [
      "admin1"
    ]
  }
},
{
  "model": "admin.logentry",
  "pk": 1,
  "fields": {
    "action_time": "2024-05-14T12:13:15.307Z",
    "user": [
      "admin"
    ],
    "content_type": [
      "sites",
      "site"
    ],
    "object_id": "1",
    "object_repr": "joliemimiboutiqueexample.com",
    "action_flag": 2,
    "change_message": "[{\"changed\": {\"fields\": [\"Domain name\", \"Display name\"]}}]"
  }
},
{
  "model": "admin.logentry",
  "pk": 2,
  "fields": {
    "action_time": "2024-05-14T12:32:58.768Z",
    "user": [
      "admin"
    ],
    "content_type": [
      "account",
      "emailaddress"
    ],
    "object_id": "1",
    "object_repr": "admin@someemail.com",
    "action_flag": 2,
    "change_message": "[{\"changed\": {\"fields\": [\"Verified\", \"Primary\"]}}]"
  }
},
{
  "model": "admin.logentry",
  "pk": 3,
  "fields": {
    "action_time": "2024-05-21T18:03:46.516Z",
    "user": [
      "admin"
    ],
    "content_type": [
      "products",
      "product"
    ],
    "object_id": "1",
    "object_repr": "Dress",
    "action_flag": 2,
    "change_message": "[{\"changed\": {\"fields\": [\"Image\"]}}]"
  }
},
{
  "model": "admin.logentry",
  "pk": 4,
  "fields": {
    "action_time": "2024-05-21T18:32:00.925Z",
    "user": [
      "admin"
    ],
    "content_type": [
      "products",
      "product"
    ],
    "object_id": "2",
    "object_repr": "Kurta",
    "action_flag": 2,
    "change_message": "[{\"changed\": {\"fields\": [\"Image\"]}}]"
  }
},
{
  "model": "admin.logentry",
  "pk": 5,
  "fields": {
    "action_time": "2024-05-21T18:32:24.352Z",
    "user": [
      "admin"
    ],
    "content_type": [
      "products",
      "product"
    ],
    "object_id": "3",
    "object_repr": "Anarkali",
    "action_flag": 2,
    "change_message": "[{\"changed\": {\"fields\": [\"Description\", \"Image\"]}}]"
  }
},
{
  "model": "admin.logentry",
  "pk": 6,
  "fields": {
    "action_time": "2024-05-21T18:32:42.435Z",
    "user": [
      "admin"
    ],
    "content_type": [
      "products",
      "product"
    ],
    "object_id": "6",
    "object_repr": "pink suit(deals)",
    "action_flag": 2,
    "change_message": "[{\"changed\": {\"fields\": [\"Image\"]}}]"
  }
},
{
  "model": "admin.logentry",
  "pk": 7,
  "fields": {
    "action_time": "2024-05-21T18:32:59.446Z",
    "user": [
      "admin"
    ],
    "content_type": [
      "products",
      "product"
    ],
    "object_id": "7",
    "object_repr": "v shape necklace",
    "action_flag": 2,
    "change_message": "[{\"changed\": {\"fields\": [\"Image\"]}}]"
  }
},
{
  "model": "admin.logentry",
  "pk": 8,
  "fields": {
    "action_time": "2024-05-21T18:33:20.588Z",
    "user": [
      "admin"
    ],
    "content_type": [
      "products",
      "product"
    ],
    "object_id": "8",
    "object_repr": "Lime Lehnga",
    "action_flag": 2,
    "change_message": "[{\"changed\": {\"fields\": [\"Image\"]}}]"
  }
},
{
  "model": "admin.logentry",
  "pk": 9,
  "fields": {
    "action_time": "2024-05-21T18:35:37.898Z",
    "user": [
      "admin"
    ],
    "content_type": [
      "products",
      "product"
    ],
    "object_id": "9",
    "object_repr": "light green kurta",
    "action_flag": 2,
    "change_message": "[{\"changed\": {\"fields\": [\"Image\"]}}]"
  }
},
{
  "model": "admin.logentry",
  "pk": 10,
  "fields": {
    "action_time": "2024-05-21T18:36:10.922Z",
    "user": [
      "admin"
    ],
    "content_type": [
      "products",
      "product"
    ],
    "object_id": "10",
    "object_repr": "Glittering-party pink dress",
    "action_flag": 2,
    "change_message": "[{\"changed\": {\"fields\": [\"Image\"]}}]"
  }
},
{
  "model": "admin.logentry",
  "pk": 11,
  "fields": {
    "action_time": "2024-05-21T18:36:43.431Z",
    "user": [
      "admin"
    ],
    "content_type": [
      "products",
      "product"
    ],
    "object_id": "11",
    "object_repr": "White flower printed kurta",
    "action_flag": 2,
    "change_message": "[{\"changed\": {\"fields\": [\"Name\", \"Image\"]}}]"
  }
},
{
  "model": "admin.logentry",
  "pk": 12,
  "fields": {
    "action_time": "2024-05-21T18:38:32.500Z",
    "user": [
      "admin"
    ],
    "content_type": [
      "products",
      "product"
    ],
    "object_id": "12",
    "object_repr": "A traditional blue suit",
    "action_flag": 2,
    "change_message": "[{\"changed\": {\"fields\": [\"Image\"]}}]"
  }
},
{
  "model": "admin.logentry",
  "pk": 13,
  "fields": {
    "action_time": "2024-05-21T18:40:10.298Z",
    "user": [
      "admin"
    ],
    "content_type": [
      "products",
      "product"
    ],
    "object_id": "13",
    "object_repr": "flower print",
    "action_flag": 2,
    "change_message": "[{\"changed\": {\"fields\": [\"Image\"]}}]"
  }
},
{
  "model": "admin.logentry",
  "pk": 14,
  "fields": {
    "action_time": "2024-05-21T18:40:27.603Z",
    "user": [
      "admin"
    ],
    "content_type": [
      "products",
      "product"
    ],
    "object_id": "4",
    "object_repr": "(casual) dress",
    "action_flag": 2,
    "change_message": "[{\"changed\": {\"fields\": [\"Description\", \"Image\"]}}]"
  }
},
{
  "model": "admin.logentry",
  "pk": 15,
  "fields": {
    "action_time": "2024-05-21T18:40:51.812Z",
    "user": [
      "admin"
    ],
    "content_type": [
      "products",
      "product"
    ],
    "object_id": "5",
    "object_repr": "flower-suit(clearance)",
    "action_flag": 2,
    "change_message": "[{\"changed\": {\"fields\": [\"Image\"]}}]"
  }
},
{
  "model": "admin.logentry",
  "pk": 16,
  "fields": {
    "action_time": "2024-05-21T22:56:34.803Z",
    "user": [
      "admin"
    ],
    "content_type": [
      "products",
      "category"
    ],
    "object_id": "10",
    "object_repr": "Partywear",
    "action_flag": 2,
    "change_message": "[{\"changed\": {\"fields\": [\"Name\", \"Friendly name\"]}}]"
  }
},
{
  "model": "admin.logentry",
  "pk": 17,
  "fields": {
    "action_time": "2024-05-21T22:57:17.601Z",
    "user": [
      "admin"
    ],
    "content_type": [
      "products",
      "category"
    ],
    "object_id": "9",
    "object_repr": "new_in",
    "action_flag": 2,
    "change_message": "[{\"changed\": {\"fields\": [\"Name\"]}}]"
  }
},
{
  "model": "admin.logentry",
  "pk": 18,
  "fields": {
    "action_time": "2024-05-21T23:15:58.044Z",
    "user": [
      "admin"
    ],
    "content_type": [
      "products",
      "category"
    ],
    "object_id": "10",
    "object_repr": "Partywear",
    "action_flag": 2,
    "change_message": "[]"
  }
},
{
  "model": "admin.logentry",
  "pk": 19,
  "fields": {
    "action_time": "2024-05-21T23:18:33.957Z",
    "user": [
      "admin"
    ],
    "content_type": [
      "products",
      "category"
    ],
    "object_id": "10",
    "object_repr": "Partywear",
    "action_flag": 2,
    "change_message": "[]"
  }
},
{
  "model": "admin.logentry",
  "pk": 20,
  "fields": {
    "action_time": "2024-05-22T10:05:08.267Z",
    "user": [
      "admin"
    ],
    "content_type": [
      "products",
      "product"
    ],
    "object_id": "10",
    "object_repr": "Glittering-party pink dress",
    "action_flag": 2,
    "change_message": "[{\"changed\": {\"fields\": [\"Image\"]}}]"
  }
},
{
  "model": "admin.logentry",
  "pk": 21,
  "fields": {
    "action_time": "2024-05-22T10:32:30.118Z",
    "user": [
      "admin"
    ],
    "content_type": [
      "products",
      "category"
    ],
    "object_id": "14",
    "object_repr": "party_wear",
    "action_flag": 1,
    "change_message": "[{\"added\": {}}]"
  }
},
{
  "model": "admin.logentry",
  "pk": 22,
  "fields": {
    "action_time": "2024-05-22T10:35:09.589Z",
    "user": [
      "admin"
    ],
    "content_type": [
      "products",
      "product"
    ],
    "object_id": "14",
    "object_repr": "stunnning party dress",
    "action_flag": 1,
    "change_message": "[{\"added\": {}}]"
  }
},
{
  "model": "admin.logentry",
  "pk": 23,
  "fields": {
    "action_time": "2024-05-22T10:41:01.893Z",
    "user": [
      "admin"
    ],
    "content_type": [
      "products",
      "category"
    ],
    "object_id": "10",
    "object_repr": "Partywear",
    "action_flag": 3,
    "change_message": ""
  }
},
{
  "model": "admin.logentry",
  "pk": 24,
  "fields": {
    "action_time": "2024-05-22T11:13:00.144Z",
    "user": [
      "admin"
    ],
    "content_type": [
      "products",
      "product"
    ],
    "object_id": "8",
    "object_repr": "Lime Lehnga",
    "action_flag": 2,
    "change_message": "[{\"changed\": {\"fields\": [\"Discounted price\"]}}]"
  }
},
{
  "model": "admin.logentry",
  "pk": 25,
  "fields": {
    "action_time": "2024-05-22T11:13:30.147Z",
    "user": [
      "admin"
    ],
    "content_type": [
      "products",
      "product"
    ],
    "object_id": "9",
    "object_repr": "light green kurta",
    "action_flag": 2,
    "change_message": "[{\"changed\": {\"fields\": [\"Discounted price\"]}}]"
  }
},
{
  "model": "admin.logentry",
  "pk": 26,
  "fields": {
    "action_time": "2024-05-22T12:27:41.189Z",
    "user": [
      "admin"
    ],
    "content_type": [
      "products",
      "category"
    ],
    "object_id": "14",
    "object_repr": "party_wear",
    "action_flag": 2,
    "change_message": "[{\"changed\": {\"fields\": [\"Friendly name\"]}}]"
  }
},
{
  "model": "admin.logentry",
  "pk": 27,
  "fields": {
    "action_time": "2024-05-22T12:28:11.520Z",
    "user": [
      "admin"
    ],
    "content_type": [
      "products",
      "category"
    ],
    "object_id": "13",
    "object_repr": "unstitched",
    "action_flag": 2,
    "change_message": "[{\"changed\": {\"fields\": [\"Friendly name\"]}}]"
  }
},
{
  "model": "admin.logentry",
  "pk": 28,
  "fields": {
    "action_time": "2024-05-22T12:28:28.035Z",
    "user": [
      "admin"
    ],
    "content_type": [
      "products",
      "category"
    ],
    "object_id": "12",
    "object_repr": "suits_sets",
    "action_flag": 2,
    "change_message": "[{\"changed\": {\"fields\": [\"Friendly name\"]}}]"
  }
},
{
  "model": "admin.logentry",
  "pk": 29,
  "fields": {
    "action_time": "2024-05-22T12:28:44.935Z",
    "user": [
      "admin"
    ],
    "content_type": [
      "products",
      "category"
    ],
    "object_id": "11",
    "object_repr": "spring_summer",
    "action_flag": 2,
    "change_message": "[{\"changed\": {\"fields\": [\"Friendly name\"]}}]"
  }
},
{
  "model": "admin.logentry",
  "pk": 30,
  "fields": {
    "action_time": "2024-05-22T12:28:55.537Z",
    "user": [
      "admin"
    ],
    "content_type": [
      "products",
      "category"
    ],
    "object_id": "9",
    "object_repr": "new_in",
    "action_flag": 2,
    "change_message": "[{\"changed\": {\"fields\": [\"Friendly name\"]}}]"
  }
},
{
  "model": "admin.logentry",
  "pk": 31,
  "fields": {
    "action_time": "2024-05-22T12:29:03.516Z",
    "user": [
      "admin"
    ],
    "content_type": [
      "products",
      "category"
    ],
    "object_id": "8",
    "object_repr": "lehngas",
    "action_flag": 2,
    "change_message": "[{\"changed\": {\"fields\": [\"Friendly name\"]}}]"
  }
},
{
  "model": "admin.logentry",
  "pk": 32,
  "fields": {
    "action_time": "2024-05-22T12:29:09.943Z",
    "user": [
      "admin"
    ],
    "content_type": [
      "products",
      "category"
    ],
    "object_id": "7",
    "object_repr": "kurtas_tops",
    "action_flag": 2,
    "change_message": "[]"
  }
},
{
  "model": "admin.logentry",
  "pk": 33,
  "fields": {
    "action_time": "2024-05-22T12:29:24.846Z",
    "user": [
      "admin"
    ],
    "content_type": [
      "products",
      "category"
    ],
    "object_id": "6",
    "object_repr": "jewellery",
    "action_flag": 2,
    "change_message": "[{\"changed\": {\"fields\": [\"Friendly name\"]}}]"
  }
},
{
  "model": "admin.logentry",
  "pk": 34,
  "fields": {
    "action_time": "2024-05-22T12:29:32.371Z",
    "user": [
      "admin"
    ],
    "content_type": [
      "products",
      "category"
    ],
    "object_id": "5",
    "object_repr": "deals",
    "action_flag": 2,
    "change_message": "[{\"changed\": {\"fields\": [\"Friendly name\"]}}]"
  }
},
{
  "model": "admin.logentry",
  "pk": 35,
  "fields": {
    "action_time": "2024-05-22T12:29:38.874Z",
    "user": [
      "admin"
    ],
    "content_type": [
      "products",
      "category"
    ],
    "object_id": "4",
    "object_repr": "dresses",
    "action_flag": 2,
    "change_message": "[{\"changed\": {\"fields\": [\"Friendly name\"]}}]"
  }
},
{
  "model": "admin.logentry",
  "pk": 36,
  "fields": {
    "action_time": "2024-05-22T12:29:45.802Z",
    "user": [
      "admin"
    ],
    "content_type": [
      "products",
      "category"
    ],
    "object_id": "3",
    "object_repr": "clearance",
    "action_flag": 2,
    "change_message": "[{\"changed\": {\"fields\": [\"Friendly name\"]}}]"
  }
},
{
  "model": "admin.logentry",
  "pk": 37,
  "fields": {
    "action_time": "2024-05-22T12:29:54.233Z",
    "user": [
      "admin"
    ],
    "content_type": [
      "products",
      "category"
    ],
    "object_id": "2",
    "object_repr": "casual",
    "action_flag": 2,
    "change_message": "[{\"changed\": {\"fields\": [\"Friendly name\"]}}]"
  }
},
{
  "model": "admin.logentry",
  "pk": 38,
  "fields": {
    "action_time": "2024-05-22T12:30:04.091Z",
    "user": [
      "admin"
    ],
    "content_type": [
      "products",
      "category"
    ],
    "object_id": "1",
    "object_repr": "anarkali",
    "action_flag": 2,
    "change_message": "[{\"changed\": {\"fields\": [\"Friendly name\"]}}]"
  }
},
{
  "model": "admin.logentry",
  "pk": 39,
  "fields": {
    "action_time": "2024-05-25T12:06:01.685Z",
    "user": [
      "admin"
    ],
    "content_type": [
      "products",
      "product"
    ],
    "object_id": "1",
    "object_repr": "Dress",
    "action_flag": 2,
    "change_message": "[{\"changed\": {\"fields\": [\"Image\"]}}]"
  }
},
{
  "model": "admin.logentry",
  "pk": 40,
  "fields": {
    "action_time": "2024-05-26T19:57:43.766Z",
    "user": [
      "admin"
    ],
    "content_type": [
      "products",
      "product"
    ],
    "object_id": "1",
    "object_repr": "Dress",
    "action_flag": 2,
    "change_message": "[{\"changed\": {\"fields\": [\"Has sizes\"]}}]"
  }
},
{
  "model": "admin.logentry",
  "pk": 41,
  "fields": {
    "action_time": "2024-05-27T03:19:55.845Z",
    "user": [
      "admin"
    ],
    "content_type": [
      "products",
      "product"
    ],
    "object_id": "2",
    "object_repr": "Kurta",
    "action_flag": 2,
    "change_message": "[{\"changed\": {\"fields\": [\"Has sizes\"]}}]"
  }
},
{
  "model": "admin.logentry",
  "pk": 42,
  "fields": {
    "action_time": "2024-05-27T03:20:08.116Z",
    "user": [
      "admin"
    ],
    "content_type": [
      "products",
      "product"
    ],
    "object_id": "3",
    "object_repr": "Anarkali",
    "action_flag": 2,
    "change_message": "[]"
  }
},
{
  "model": "admin.logentry",
  "pk": 43,
  "fields": {
    "action_time": "2024-05-27T03:20:15.265Z",
    "user": [
      "admin"
    ],
    "content_type": [
      "products",
      "product"
    ],
    "object_id": "3",
    "object_repr": "Anarkali",
    "action_flag": 2,
    "change_message": "[]"
  }
},
{
  "model": "admin.logentry",
  "pk": 44,
  "fields": {
    "action_time": "2024-05-27T03:20:39.537Z",
    "user": [
      "admin"
    ],
    "content_type": [
      "products",
      "product"
    ],
    "object_id": "6",
    "object_repr": "pink suit(deals)",
    "action_flag": 2,
    "change_message": "[{\"changed\": {\"fields\": [\"Has sizes\"]}}]"
  }
},
{
  "model": "admin.logentry",
  "pk": 45,
  "fields": {
    "action_time": "2024-05-27T03:21:14.348Z",
    "user": [
      "admin"
    ],
    "content_type": [
      "products",
      "product"
    ],
    "object_id": "9",
    "object_repr": "light green kurta",
    "action_flag": 2,
    "change_message": "[{\"changed\": {\"fields\": [\"Has sizes\"]}}]"
  }
},
{
  "model": "admin.logentry",
  "pk": 46,
  "fields": {
    "action_time": "2024-05-27T03:21:26.107Z",
    "user": [
      "admin"
    ],
    "content_type": [
      "products",
      "product"
    ],
    "object_id": "10",
    "object_repr": "Glittering-party pink dress",
    "action_flag": 2,
    "change_message": "[{\"changed\": {\"fields\": [\"Has sizes\"]}}]"
  }
},
{
  "model": "admin.logentry",
  "pk": 47,
  "fields": {
    "action_time": "2024-05-27T03:21:54.856Z",
    "user": [
      "admin"
    ],
    "content_type": [
      "products",
      "product"
    ],
    "object_id": "14",
    "object_repr": "stunnning party dress",
    "action_flag": 2,
    "change_message": "[{\"changed\": {\"fields\": [\"Has sizes\"]}}]"
  }
},
{
  "model": "admin.logentry",
  "pk": 48,
  "fields": {
    "action_time": "2024-05-27T03:22:10.834Z",
    "user": [
      "admin"
    ],
    "content_type": [
      "products",
      "product"
    ],
    "object_id": "4",
    "object_repr": "(casual) dress",
    "action_flag": 2,
    "change_message": "[{\"changed\": {\"fields\": [\"Has sizes\"]}}]"
  }
},
{
  "model": "admin.logentry",
  "pk": 49,
  "fields": {
    "action_time": "2024-05-27T03:22:20.844Z",
    "user": [
      "admin"
    ],
    "content_type": [
      "products",
      "product"
    ],
    "object_id": "5",
    "object_repr": "flower-suit(clearance)",
    "action_flag": 2,
    "change_message": "[{\"changed\": {\"fields\": [\"Has sizes\"]}}]"
  }
},
{
  "model": "admin.logentry",
  "pk": 50,
  "fields": {
    "action_time": "2024-05-27T03:38:07.045Z",
    "user": [
      "admin"
    ],
    "content_type": [
      "products",
      "product"
    ],
    "object_id": "1",
    "object_repr": "Dress",
    "action_flag": 2,
    "change_message": "[{\"changed\": {\"fields\": [\"Rating\"]}}]"
  }
},
{
  "model": "admin.logentry",
  "pk": 51,
  "fields": {
    "action_time": "2024-05-27T05:16:24.530Z",
    "user": [
      "admin"
    ],
    "content_type": [
      "products",
      "product"
    ],
    "object_id": "7",
    "object_repr": "v shape necklace",
    "action_flag": 2,
    "change_message": "[]"
  }
},
{
  "model": "admin.logentry",
  "pk": 52,
  "fields": {
    "action_time": "2024-05-27T05:16:42.040Z",
    "user": [
      "admin"
    ],
    "content_type": [
      "products",
      "product"
    ],
    "object_id": "12",
    "object_repr": "A traditional blue suit",
    "action_flag": 2,
    "change_message": "[]"
  }
},
{
  "model": "admin.logentry",
  "pk": 53,
  "fields": {
    "action_time": "2024-05-27T05:16:58.266Z",
    "user": [
      "admin"
    ],
    "content_type": [
      "products",
      "product"
    ],
    "object_id": "8",
    "object_repr": "Lime Lehnga",
    "action_flag": 2,
    "change_message": "[]"
  }
},
{
  "model": "admin.logentry",
  "pk": 54,
  "fields": {
    "action_time": "2024-05-27T05:17:11.327Z",
    "user": [
      "admin"
    ],
    "content_type": [
      "products",
      "product"
    ],
    "object_id": "13",
    "object_repr": "flower print",
    "action_flag": 2,
    "change_message": "[]"
  }
},
{
  "model": "admin.logentry",
  "pk": 55,
  "fields": {
    "action_time": "2024-05-27T05:55:12.675Z",
    "user": [
      "admin"
    ],
    "content_type": [
      "products",
      "product"
    ],
    "object_id": "7",
    "object_repr": "v shape necklace",
    "action_flag": 2,
    "change_message": "[]"
  }
},
{
  "model": "admin.logentry",
  "pk": 56,
  "fields": {
    "action_time": "2024-05-28T22:03:32.192Z",
    "user": [
      "admin"
    ],
    "content_type": [
      "products",
      "product"
    ],
    "object_id": "15",
    "object_repr": "Double Layers White Pearl Necklace with Earrings",
    "action_flag": 1,
    "change_message": "[{\"added\": {}}]"
  }
},
{
  "model": "admin.logentry",
  "pk": 57,
  "fields": {
    "action_time": "2024-05-28T22:06:36.142Z",
    "user": [
      "admin"
    ],
    "content_type": [
      "products",
      "product"
    ],
    "object_id": "15",
    "object_repr": "Double Layers White Pearl Necklace with Earrings",
    "action_flag": 2,
    "change_message": "[{\"changed\": {\"fields\": [\"Image\"]}}]"
  }
},
{
  "model": "admin.logentry",
  "pk": 58,
  "fields": {
    "action_time": "2024-05-28T22:08:46.699Z",
    "user": [
      "admin"
    ],
    "content_type": [
      "products",
      "product"
    ],
    "object_id": "10",
    "object_repr": "Glittering-party pink dress",
    "action_flag": 2,
    "change_message": "[{\"changed\": {\"fields\": [\"Category\"]}}]"
  }
},
{
  "model": "admin.logentry",
  "pk": 59,
  "fields": {
    "action_time": "2024-05-31T10:48:39.495Z",
    "user": [
      "admin"
    ],
    "content_type": [
      "products",
      "product"
    ],
    "object_id": "16",
    "object_repr": "Round Neck, flick and flared off green dress",
    "action_flag": 1,
    "change_message": "[{\"added\": {}}]"
  }
},
{
  "model": "admin.logentry",
  "pk": 60,
  "fields": {
    "action_time": "2024-06-05T22:26:21.390Z",
    "user": [
      "admin"
    ],
    "content_type": [
      "checkout",
      "order"
    ],
    "object_id": "2",
    "object_repr": "749BC827984B4BB38794C3A1E4A3348E",
    "action_flag": 3,
    "change_message": ""
  }
},
{
  "model": "admin.logentry",
  "pk": 61,
  "fields": {
    "action_time": "2024-06-05T22:26:21.392Z",
    "user": [
      "admin"
    ],
    "content_type": [
      "checkout",
      "order"
    ],
    "object_id": "1",
    "object_repr": "3558820339B14346A2A165438A1D1DEB",
    "action_flag": 3,
    "change_message": ""
  }
},
{
  "model": "admin.logentry",
  "pk": 62,
  "fields": {
    "action_time": "2024-06-05T22:27:46.854Z",
    "user": [
      "admin"
    ],
    "content_type": [
      "checkout",
      "order"
    ],
    "object_id": "3",
    "object_repr": "CE480007340D4520817A16E37EB82A13",
    "action_flag": 2,
    "change_message": "[{\"changed\": {\"name\": \"order line item\", \"object\": \"SKU 20240001 on order CE480007340D4520817A16E37EB82A13\", \"fields\": [\"Quantity\"]}}]"
  }
},
{
  "model": "admin.logentry",
  "pk": 63,
  "fields": {
    "action_time": "2024-06-05T22:28:39.891Z",
    "user": [
      "admin"
    ],
    "content_type": [
      "checkout",
      "order"
    ],
    "object_id": "3",
    "object_repr": "CE480007340D4520817A16E37EB82A13",
    "action_flag": 2,
    "change_message": "[{\"changed\": {\"name\": \"order line item\", \"object\": \"SKU 20240001 on order CE480007340D4520817A16E37EB82A13\", \"fields\": [\"Quantity\"]}}]"
  }
},
{
  "model": "admin.logentry",
  "pk": 64,
  "fields": {
    "action_time": "2024-06-05T22:29:15.622Z",
    "user": [
      "admin"
    ],
    "content_type": [
      "checkout",
      "order"
    ],
    "object_id": "3",
    "object_repr": "CE480007340D4520817A16E37EB82A13",
    "action_flag": 3,
    "change_message": ""
  }
},
{
  "model": "admin.logentry",
  "pk": 65,
  "fields": {
    "action_time": "2024-06-12T17:55:45.421Z",
    "user": [
      "admin"
    ],
    "content_type": [
      "checkout",
      "order"
    ],
    "object_id": "13",
    "object_repr": "2F8C147C76914637915DA1D1BA75178A",
    "action_flag": 3,
    "change_message": ""
  }
},
{
  "model": "admin.logentry",
  "pk": 66,
  "fields": {
    "action_time": "2024-06-12T17:55:45.423Z",
    "user": [
      "admin"
    ],
    "content_type": [
      "checkout",
      "order"
    ],
    "object_id": "12",
    "object_repr": "FED2A100A8974CB7A5B0D5674EFFF4FC",
    "action_flag": 3,
    "change_message": ""
  }
},
{
  "model": "admin.logentry",
  "pk": 67,
  "fields": {
    "action_time": "2024-06-12T17:55:45.424Z",
    "user": [
      "admin"
    ],
    "content_type": [
      "checkout",
      "order"
    ],
    "object_id": "11",
    "object_repr": "A145EB8ACB0946AA9807408E22CDD378",
    "action_flag": 3,
    "change_message": ""
  }
},
{
  "model": "admin.logentry",
  "pk": 68,
  "fields": {
    "action_time": "2024-06-12T17:55:45.427Z",
    "user": [
      "admin"
    ],
    "content_type": [
      "checkout",
      "order"
    ],
    "object_id": "10",
    "object_repr": "FA8982831DC841BC9295BC1E3EFB0851",
    "action_flag": 3,
    "change_message": ""
  }
},
{
  "model": "admin.logentry",
  "pk": 69,
  "fields": {
    "action_time": "2024-06-12T17:55:45.428Z",
    "user": [
      "admin"
    ],
    "content_type": [
      "checkout",
      "order"
    ],
    "object_id": "9",
    "object_repr": "9C5D110906FF46279F42C2C2F238ABFC",
    "action_flag": 3,
    "change_message": ""
  }
},
{
  "model": "admin.logentry",
  "pk": 70,
  "fields": {
    "action_time": "2024-06-12T17:55:45.430Z",
    "user": [
      "admin"
    ],
    "content_type": [
      "checkout",
      "order"
    ],
    "object_id": "8",
    "object_repr": "F3A0D800E7044EFD937193530B00EB60",
    "action_flag": 3,
    "change_message": ""
  }
},
{
  "model": "admin.logentry",
  "pk": 71,
  "fields": {
    "action_time": "2024-06-12T17:55:45.431Z",
    "user": [
      "admin"
    ],
    "content_type": [
      "checkout",
      "order"
    ],
    "object_id": "7",
    "object_repr": "8BE6ABF881A443D5967A209D878BE58E",
    "action_flag": 3,
    "change_message": ""
  }
},
{
  "model": "admin.logentry",
  "pk": 72,
  "fields": {
    "action_time": "2024-06-12T17:55:45.433Z",
    "user": [
      "admin"
    ],
    "content_type": [
      "checkout",
      "order"
    ],
    "object_id": "6",
    "object_repr": "E606DF6985FE4EB9852CF51C72C45C3E",
    "action_flag": 3,
    "change_message": ""
  }
},
{
  "model": "admin.logentry",
  "pk": 73,
  "fields": {
    "action_time": "2024-06-12T17:55:45.435Z",
    "user": [
      "admin"
    ],
    "content_type": [
      "checkout",
      "order"
    ],
    "object_id": "5",
    "object_repr": "BE2A6A42C43E4BB893FE135C23DFD61C",
    "action_flag": 3,
    "change_message": ""
  }
},
{
  "model": "admin.logentry",
  "pk": 74,
  "fields": {
    "action_time": "2024-06-12T17:55:45.437Z",
    "user": [
      "admin"
    ],
    "content_type": [
      "checkout",
      "order"
    ],
    "object_id": "4",
    "object_repr": "0FDBBFC4BD934671A715A64B5708D340",
    "action_flag": 3,
    "change_message": ""
  }
},
{
  "model": "admin.logentry",
  "pk": 75,
  "fields": {
    "action_time": "2024-06-12T19:16:02.403Z",
    "user": [
      "admin"
    ],
    "content_type": [
      "sites",
      "site"
    ],
    "object_id": "1",
    "object_repr": "joliemimiboutique.example.com",
    "action_flag": 2,
    "change_message": "[{\"changed\": {\"fields\": [\"Domain name\"]}}]"
  }
},
{
  "model": "admin.logentry",
  "pk": 76,
  "fields": {
    "action_time": "2024-06-13T11:16:42.358Z",
    "user": [
      "admin"
    ],
    "content_type": [
      "products",
      "product"
    ],
    "object_id": "1",
    "object_repr": "Dress",
    "action_flag": 2,
    "change_message": "[{\"changed\": {\"fields\": [\"Image\"]}}]"
  }
},
{
  "model": "admin.logentry",
  "pk": 77,
  "fields": {
    "action_time": "2024-06-13T11:17:55.069Z",
    "user": [
      "admin"
    ],
    "content_type": [
      "products",
      "product"
    ],
    "object_id": "2",
    "object_repr": "Kurta",
    "action_flag": 2,
    "change_message": "[{\"changed\": {\"fields\": [\"Image\"]}}]"
  }
},
{
  "model": "admin.logentry",
  "pk": 78,
  "fields": {
    "action_time": "2024-06-13T11:18:50.500Z",
    "user": [
      "admin"
    ],
    "content_type": [
      "products",
      "product"
    ],
    "object_id": "3",
    "object_repr": "Anarkali",
    "action_flag": 2,
    "change_message": "[{\"changed\": {\"fields\": [\"Image\"]}}]"
  }
},
{
  "model": "admin.logentry",
  "pk": 79,
  "fields": {
    "action_time": "2024-06-14T14:17:39.883Z",
    "user": [
      "admin"
    ],
    "content_type": [
      "products",
      "product"
    ],
    "object_id": "20",
    "object_repr": "green dress-test",
    "action_flag": 3,
    "change_message": ""
  }
},
{
  "model": "admin.logentry",
  "pk": 80,
  "fields": {
    "action_time": "2024-06-14T14:17:39.885Z",
    "user": [
      "admin"
    ],
    "content_type": [
      "products",
      "product"
    ],
    "object_id": "19",
    "object_repr": "testing",
    "action_flag": 3,
    "change_message": ""
  }
},
{
  "model": "admin.logentry",
  "pk": 81,
  "fields": {
    "action_time": "2024-06-14T14:17:39.888Z",
    "user": [
      "admin"
    ],
    "content_type": [
      "products",
      "product"
    ],
    "object_id": "18",
    "object_repr": "test",
    "action_flag": 3,
    "change_message": ""
  }
},
{
  "model": "admin.logentry",
  "pk": 82,
  "fields": {
    "action_time": "2024-06-14T14:17:39.892Z",
    "user": [
      "admin"
    ],
    "content_type": [
      "products",
      "product"
    ],
    "object_id": "17",
    "object_repr": "test",
    "action_flag": 3,
    "change_message": ""
  }
},
{
  "model": "admin.logentry",
  "pk": 83,
  "fields": {
    "action_time": "2024-06-20T11:38:07.800Z",
    "user": [
      "admin"
    ],
    "content_type": [
      "account",
      "emailaddress"
    ],
    "object_id": "10",
    "object_repr": "e1306@navalcadets.com",
    "action_flag": 3,
    "change_message": ""
  }
},
{
  "model": "admin.logentry",
  "pk": 84,
  "fields": {
    "action_time": "2024-06-20T11:38:07.803Z",
    "user": [
      "admin"
    ],
    "content_type": [
      "account",
      "emailaddress"
    ],
    "object_id": "9",
    "object_repr": "tw8nb@navalcadets.com",
    "action_flag": 3,
    "change_message": ""
  }
},
{
  "model": "admin.logentry",
  "pk": 85,
  "fields": {
    "action_time": "2024-06-20T11:38:07.805Z",
    "user": [
      "admin"
    ],
    "content_type": [
      "account",
      "emailaddress"
    ],
    "object_id": "8",
    "object_repr": "roo.macarthur@codeinstitute.net",
    "action_flag": 3,
    "change_message": ""
  }
},
{
  "model": "admin.logentry",
  "pk": 86,
  "fields": {
    "action_time": "2024-06-20T11:38:07.810Z",
    "user": [
      "admin"
    ],
    "content_type": [
      "account",
      "emailaddress"
    ],
    "object_id": "7",
    "object_repr": "lekihox233@egela.com",
    "action_flag": 3,
    "change_message": ""
  }
},
{
  "model": "admin.logentry",
  "pk": 87,
  "fields": {
    "action_time": "2024-06-20T11:38:07.811Z",
    "user": [
      "admin"
    ],
    "content_type": [
      "account",
      "emailaddress"
    ],
    "object_id": "6",
    "object_repr": "degohes558@luravell.com",
    "action_flag": 3,
    "change_message": ""
  }
},
{
  "model": "admin.logentry",
  "pk": 88,
  "fields": {
    "action_time": "2024-06-20T11:38:07.813Z",
    "user": [
      "admin"
    ],
    "content_type": [
      "account",
      "emailaddress"
    ],
    "object_id": "5",
    "object_repr": "k29singh@outlook.com",
    "action_flag": 3,
    "change_message": ""
  }
},
{
  "model": "admin.logentry",
  "pk": 89,
  "fields": {
    "action_time": "2024-06-20T11:38:07.815Z",
    "user": [
      "admin"
    ],
    "content_type": [
      "account",
      "emailaddress"
    ],
    "object_id": "2",
    "object_repr": "k29singh@gmail.com",
    "action_flag": 3,
    "change_message": ""
  }
},
{
  "model": "admin.logentry",
  "pk": 90,
  "fields": {
    "action_time": "2024-06-24T15:37:44.821Z",
    "user": [
      "admin"
    ],
    "content_type": [
      "account",
      "emailaddress"
    ],
    "object_id": "13",
    "object_repr": "k29singh@outlook.com",
    "action_flag": 3,
    "change_message": ""
  }
},
{
  "model": "admin.logentry",
  "pk": 91,
  "fields": {
    "action_time": "2024-06-25T23:01:50.183Z",
    "user": [
      "admin"
    ],
    "content_type": [
      "account",
      "emailaddress"
    ],
    "object_id": "11",
    "object_repr": "k29singh@gmail.com",
    "action_flag": 2,
    "change_message": "[]"
  }
},
{
  "model": "admin.logentry",
  "pk": 92,
  "fields": {
    "action_time": "2024-06-29T09:20:31.999Z",
    "user": [
      "admin1"
    ],
    "content_type": [
      "products",
      "category"
    ],
    "object_id": "14",
    "object_repr": "partywear",
    "action_flag": 2,
    "change_message": "[{\"changed\": {\"fields\": [\"Name\"]}}]"
  }
},
{
  "model": "admin.logentry",
  "pk": 93,
  "fields": {
    "action_time": "2024-06-29T10:48:29.585Z",
    "user": [
      "admin1"
    ],
    "content_type": [
      "products",
      "product"
    ],
    "object_id": "26",
    "object_repr": "Shady Skirt with the Creamy Top",
    "action_flag": 1,
    "change_message": "[{\"added\": {}}]"
  }
}
]
